"id","Title","wiki_title","Job Item Ids","Ismar Link Ids","GIS Id","Alternate IDs","Minimum Width (m)","Location-lon","Location-lat","GIS Total Id","Area (m^2)","Average Width (m)","Length (m)","Canal ID","Cemented"
"MOND3","Segment MOND3","Segment MOND3","00103SC0016,00103SC0017,00103SC0032,00103SC0115,00103SC0118","2069","MOND3","MOND03","5.6","12.3403731","45.4362025","MOND03","519.621","7.2","72.4","MOND","false"
"MOND2","Segment MOND2","Segment MOND2","00103SC0012,00103SC0015,00103SC0017,00103SC0032,00103SC0115,00103SC0118,00103SC0119","2152,2153","MOND2","MOND02","7.4","12.3404778","45.4370144","MOND02","1130.76","9.1","124.91","MOND","false"
"LUNA","Segment LUNA","Segment LUNA","00006SC0063,00006SC0110","2080","LUNA","LUNA01","5.6","12.3374651","45.4327571","LUNA01","511.942","7.6","67.0","LUNA","false"
"MOND1","Segment MOND1","Segment MOND1","00103SC0006,00103SC0007,00103SC0012,00103SC0030,00103SC0107,00103SC0119","2066","MOND1","MOND01","4.6","12.3398568","45.4376402","MOND01","193.49","5.7","33.86","MOND","false"
"ZULI","Segment ZULI","Segment ZULI","00103SC0028","2139,2140,2141,2142","ZULI","ZULI01","4.6","12.339165","45.4361975","ZULI01","1656.5","8.6","193.19","ZULI","false"
"GHET","Segment GHET","Segment GHET","00101SC0002,00101SC0005,00101SC0006,00101SC0007,00101SC0012,00101SC0018","2440,2441,2442","GHET","GHET01","5.2","12.32699","45.4451068","GHET01","1687.39","8.6","196.29","GHET","false"
"MALA01","Segment MALA01","Segment MALA01","","",,,"11.6",,,,"11194.06","15.3","729.63","MALA","false"
"MALA02","Segment MALA02","Segment MALA02","","",,,"13.4",,,,"931.846","16.4","56.79","MALA","false"
"GIAR3","Segment GIAR3","Segment GIAR3","00003SC0115,00413SC0006,00413SC0007,00413SC0008,00413SC0009","2181,2487","GIAR3","GIAR03","11.8","12.3592993","45.4291379","GIAR03","6396.94","17.8","359.21","GIAR","false"
"GESU1","Segment GESU1","Segment GESU1","","2055","GESU1","GESU01","16.2","12.3394723","45.4430019","GESU01","2329.79","18.1","128.39","GESU","false"
"GESU2","Segment GESU2","Segment GESU2","00189SC0007,00189SC0008,00189SC0009,00189SC0016,00189SC0018","2056","GESU2","GESU02","8.0","12.3391258","45.4421659","GESU02","455.708","10.4","44.03","GESU","false"
"2FIS","Segment 2FIS","Segment 2FIS","00346SC0002,00346SC0004,00346SC0012","3009","2FIS","FIS002","4.4","12.3145506","45.425946","FIS002","1225.3","11.3","108.37","2FIS","false"
"VEMA05","Segment VEMA05","Segment VEMA05","","",,,,"12.3032118","45.4328404","VEMA05","118560.28","283.5","418.2","VEMA",
"VEMA06","Segment VEMA06","Segment VEMA06","","",,,,"12.3064974","45.4312243","VEMA06","99038.46","336.98","293.9","VEMA",
"OGNI3","Segment OGNI3","Segment OGNI3","00107SC0005,00107SC0010","2018","OGNI3","OGNI03","8.4","12.3250265","45.4304482","OGNI03","1925.79","13.8","139.52","OGNI","false"
"SANT","Segment SANT","Segment SANT","00320SC0008,00108SC0002,00108SC0008","2132,2261,2262","SANT","SANT01","3.8","12.3310782","45.4327891","SANT01","1596.39","5.8","275.27","SANT","false"
"CDON01","Segment CDON01","Segment CDON01","00003SC0120,00003SC0121","",,,"17.8",,,,"6344.0","25.6","247.94","CDON","false"
"ZANI","Segment ZANI","Segment ZANI","00103SC0016,00103SC0017,00103SC0115,00103SC0118,00431SC0001,00431SC0002,00431SC0004","2143,2144,2145","ZANI","ZANI01","3.4","12.3416569","45.4359311","ZANI01","892.432","4.4","202.82","ZANI","false"
"CDON02","Segment CDON02","Segment CDON02","00318SC0001,00319SC0001,00003SC0120,00003SC0121,00398SC0001,00398SC0002","",,,"14.1",,,,"8922.13","20.7","430.26","CDON","false"
"BECA2","Segment BECA2","Segment BECA2","00003SC0073,00003SC0074,00003SC0112,00187SC0001,00187SC0003,00187SC0004","2327","BECA2","BECA02","3.6","12.3318138","45.4382812","BECA02","74.3441","5.6","13.22","BECA","false"
"BECA1","Segment BECA1","Segment BECA1","00003SC0073,00003SC0074,00187SC0003,00187SC0004","2328,2329,2330,2331","BECA1","BECA01","2.6","12.3329512","45.4391448","BECA01","1089.27","4.5","241.24","BECA","false"
"DEGO3","Segment DEGO3","Segment DEGO3","00113SC0002,00113SC0006","2353","DEGO3","DEGO03","7.4","12.327161","45.4407721","DEGO03","61.5121","8.2","7.63","DEGO","false"
"DEGO4","Segment DEGO4","Segment DEGO4","00113SC0001,00113SC0002,00113SC0006","2351,2352","DEGO4","DEGO04","5.2","12.3270713","45.4398229","DEGO04","1736.88","8.4","207.21","DEGO","false"
"DEGO1","Segment DEGO1","Segment DEGO1","00113SC0002,00113SC0006","2387","DEGO1","DEGO01","4.4","12.3273744","45.4416576","DEGO01","748.506","6.5","115.44","DEGO","false"
"TPER01","Segment TPER01","Segment TPER01","","",,,"12.3",,,,"4704.4","13.6","346.23","TPER","false"
"DEGO2","Segment DEGO2","Segment DEGO2","00113SC0002,00113SC0006","2353","DEGO2","DEGO02","5.4","12.3272317","45.4409719","DEGO02","279.815","7.1","39.16","DEGO","false"
"PANA1","Segment PANA1","Segment PANA1","00180SC0001,00180SC0002","2449","PANA1","PANA01","8.6","12.3413589","45.4418381","PANA01","1400.42","11.7","119.72","PANA","false"
"ORTO1","Segment ORTO1","Segment ORTO1","00320SC0023,00320SC0027,00179SC0003,00179SC0005,00179SC0006,00179SC0007","2028","ORTO1","ORTO01","8.0","12.3310512","45.4463919","ORTO01","1800.91","10.2","177.12","ORTO","false"
"GIRO","Segment GIRO","Segment GIRO","00101SC0001,00101SC0002,00101SC0003,00101SC0004,00101SC0006,00101SC0013,00101SC0017","2426,2427","GIRO","GIRO1,GIRO01","7.6","12.3241666","45.4465234","GIRO01","4749.65","12.2","389.16","GIRO","false"
"PANA3","Segment PANA3","Segment PANA3","00180SC0003,00180SC0006","2060","PANA3","PANA03","4.0","12.3398407","45.4391589","PANA03","565.208","6.6","84.99","PANA","false"
"PANA2","Segment PANA2","Segment PANA2","00180SC0001,00180SC0002,00180SC0006","2450","PANA2","PANA02","3.8","12.3405094","45.4405208","PANA02","1142.44","5.1","222.49","PANA","false"
"ORTO2","Segment ORTO2","Segment ORTO2","00320SC0002,00320SC0026,00320SC0027,00179SC0004,00179SC0006","2033","ORTO2","ORTO02","9.2","12.3331629","45.4456955","ORTO02","2185.9","12.8","171.13","ORTO","false"
"ORTO3","Segment ORTO3","Segment ORTO3","00320SC0015,00320SC0026,00179SC0001","2034","ORTO3","ORTO03","10.6","12.3342208","45.4451698","ORTO03","223.044","11.4","19.58","ORTO","false"
"VERO2","Segment VERO2","Segment VERO2","00099SC0002,00099SC0004,00099SC0005,00099SC0011,00099SC0130","2129,2492","VERO2","VERO02","3.0","12.3324879","45.4335386","VERO02","309.524","4.3","72.85","VERO","false"
"VERO1","Segment VERO1","Segment VERO1","00099SC0002,00099SC0003,00099SC0004,00099SC0014,00099SC0130,00099SC0134","2127,2128","VERO1","VERO01","3.6","12.3333948","45.4342573","VERO01","872.133","5.3","165.42","VERO","true"
"MUTI","Segment MUTI","Segment MUTI","00003SC0032,00003SC0037,00003SC0038,00155SC0002,00155SC0007,00155SC0008,00179SC0001,00179SC0004","2032","MUTI","MUTI01","7.8","12.3336996","45.4449534","MUTI01","630.505","8.3","75.91","MUTI","false"
"GARZ","Segment GARZ","Segment GARZ","00003SC0065,00108SC0006,00108SC0010,00108SC0016","2238,2239,2240,2241","GARZ","GARZ01","3.8","12.3304791","45.4348625","GARZ01","1049.75","5.8","182.07","GARZ","false"
"SALU1","Segment SALU1","Segment SALU1","00130SC0002,00130SC0003","2278,2279","SALU1","SALU01","5.8","12.3342903","45.4306583","SALU01","648.87","7.2","89.91","SALU","false"
"SALU2","Segment SALU2","Segment SALU2","00130SC0002,00130SC0003","2277,2278","SALU2","SALU02","5.0","12.33459","45.4298509","SALU02","648.886","6.8","95.93","SALU","false"
"CAZZ","Segment CAZZ","Segment CAZZ","00320SC0012,00320SC0013,00320SC0014,00320SC0031,II473SC0002,II473SC0003,II473SC0004,II473SC0008,II473SC0009,II473SC0011,II473SC0015","2106,2107","CAZZ","CAZZ01","3.0","12.3190556","45.4357461","CAZZ01","1544.12","6.7","229.01","CAZZ","false"
"ANTO","Segment ANTO","Segment ANTO","00104SC0007,00104SC0009","2176,2177,2465","ANTO","ANTO01","7.6","12.3458552","45.4366794","ANTO01","2876.71","10.9","263.23","ANTO","false"
"PPIC3","Segment PPIC3","Segment PPIC3","00003SC0116,00154SC0005,00154SC0016","3029","PPIC3","PPIC03","9.4","12.3250899","45.4239131","PPIC03","1375.69","16.4","83.88","PPIC","false"
"VEST1","Segment VEST1","Segment VEST1","00099SC0004,00099SC0005,00099SC0006,00099SC0130,00099SC0131","2020","VEST1","VEST01","3.2","12.3329516","45.4333852","VEST01","303.405","8.3","36.68","VEST","true"
"PPIC2","Segment PPIC2","Segment PPIC2","00003SC0117,00154SC0005,00154SC0012,00154SC0016","3030","PPIC2","PPIC02","10.4","12.3259362","45.4246447","PPIC02","1281.02","14.6","87.53","PPIC","false"
"ISEP1","Segment ISEP1","Segment ISEP1","","2484","ISEP1","ISEP01","6.2","12.3575184","45.4307789","ISEP01","2309.23","8.1","283.41","ISEP","false"
"VEST3","Segment VEST3","Segment VEST3","00099SC0001,00099SC0007,00099SC0008,00099SC0009,00099SC0010","2287","VEST3","VEST03","3.2","12.3342183","45.4333882","VEST03","591.623","4.8","123.29","VEST","true"
"BASS01","Segment BASS01","Segment BASS01","","",,,"7.9",,,,"4777.15","17.5","273.58","BASS","false"
"ISEP2","Segment ISEP2","Segment ISEP2","","2182,2183","ISEP2","ISEP02","6.6","12.3550446","45.4302514","ISEP02","996.199","9.7","103.06","ISEP","false"
"VEST2","Segment VEST2","Segment VEST2","00099SC0006,00099SC0007,00099SC0010,00099SC0131","2079","VEST2","VEST02","7.2","12.3333037","45.4332142","VEST02","374.374","10.5","35.52","VEST","true"
"BASS02","Segment BASS02","Segment BASS02","","",,,"7.6",,,,"1606.1","12.1","132.32","BASS","false"
"MAGG3","Segment MAGG3","Segment MAGG3","00320SC0011,00320SC0030,II473SC0005,II473SC0007,II473SC0016","2006","MAGG3","MAGG03","11.4","12.3167451","45.4347768","MAGG03","723.481","12.6","57.35","MAGG","false"
"MAGG2","Segment MAGG2","Segment MAGG2","00320SC0012,00320SC0014,00320SC0030,00320SC0031,II473SC0002,II473SC0004,II473SC0007,II473SC0015,II473SC0016","2007","MAGG2","MAGG02","10.8","12.3177168","45.4349764","MAGG02","880.481","11.8","74.61","MAGG","false"
"MAGG1","Segment MAGG1","Segment MAGG1","00320SC0013,00320SC0014,00320SC0031,II473SC0002,II473SC0003,II473SC0009,II473SC0010,II473SC0013,II473SC0015","2008","MAGG1","MAGG01","8.0","12.3193021","45.4352863","MAGG01","1438.73","8.5","169.58","MAGG","false"
"SCOM1","Segment SCOM1","Segment SCOM1","","2493,2494,2495","SCOM1","SCOM01","34.8","12.3126091","45.4354878","SCOM01","28186.84","47.3","596.05","SCOM","false"
"SEVE2","Segment SEVE2","Segment SEVE2","00103SC0015,00103SC0019,00103SC0112","2150,2151","SEVE2","SEVE02","4.2","12.3428954","45.4366047","SEVE02","1671.28","8.4","198.75","SEVE","false"
"SEVE1","Segment SEVE1","Segment SEVE1","00103SC0015,00103SC0020,00103SC0022,00103SC0024,00103SC0105,00103SC0112","2064","SEVE1","SEVE01","5.2","12.3425512","45.4377161","SEVE01","469.569","6.4","73.84","SEVE","false"
"PPIC1","Segment PPIC1","Segment PPIC1","00003SC0118,00154SC0005,00154SC0012","3031","PPIC1","PPIC01","6.4","12.3265393","45.4256585","PPIC01","1387.86","9.5","146.63","PPIC","false"
"SCOM2","Segment SCOM2","Segment SCOM2","","2001","SCOM2","SCOM02","49.0","12.3101089","45.4325267","SCOM02","9783.69","52.5","186.42","SCOM","false"
"ARZE1","Segment ARZE1","Segment ARZE1","","2185","ARZE1","ARZE01","15.4","12.3150731","45.4372717","ARZE01","2108.77","20.2","104.21","ARZE","false"
"ARZE2","Segment ARZE2","Segment ARZE2","","2187","ARZE2","ARZE02","12.4","12.3154496","45.4364679","ARZE02","909.2","15.1","60.06","ARZE","false"
"ARZE3","Segment ARZE3","Segment ARZE3","","2188","ARZE3","ARZE03","16.6","12.3159125","45.4359575","ARZE03","2180.03","39.2","55.64","ARZE","false"
"FOSC1","Segment FOSC1","Segment FOSC1","00119SC0002,00119SC0004,00119SC0012,00119SC0015","2394","FOSC1","FOSC01","9.2","12.3317544","45.4435212","FOSC01","78.2611","9.5","8.19","FOSC","false"
"FOSC2","Segment FOSC2","Segment FOSC2","00119SC0004,00119SC0012","2400","FOSC2","FOSC02","7.0","12.3325926","45.443034","FOSC02","1470.57","10.6","138.68","FOSC","false"
"ARZE4","Segment ARZE4","Segment ARZE4","00701SC0001","2189","ARZE4","ARZE04","16.0","12.3161603","45.435284","ARZE04","2411.83","22.1","108.89","ARZE","false"
"ELEN","Segment ELEN","Segment ELEN","00003SC0058","2488,2489","ELEN","ELEN01","9.4","12.3633736","45.4267636","ELEN01","5751.72","12.5","459.93","ELEN","false"
"TOLA2","Segment TOLA2","Segment TOLA2","00106SC0002","2224,2225","TOLA2","TOLA02","2.4","12.3264483","45.432273","TOLA02","575.29","4.7","123.64","TOLA","false"
"BATE1","Segment BATE1","Segment BATE1","00101SC0002,00101SC0003,00101SC0005,00101SC0013,00101SC0018","2422,2423,2424","BATE1","BATE01","5.4","12.3231644","45.4460392","BATE01","4539.65","9.6","472.59","BATE","false"
"BATE2","Segment BATE2","Segment BATE2","00101SC0003,00101SC0005,00101SC0006,00101SC0007,00101SC0017,00101SC0018","2425","BATE2","BATE02","15.8","12.3263209","45.4456759","BATE02","830.28","18.4","45.14","BATE","false"
"TOLA1","Segment TOLA1","Segment TOLA1","00106SC0001,00106SC0002","2223","TOLA1","TOLA01","3.2","12.3254034","45.4322537","TOLA01","370.738","5.5","67.73","TOLA","false"
"MEGI1","Segment MEGI1","Segment MEGI1","00113SC0004,00113SC0005","2356,2377,2378","MEGI1","MEGI01","2.8","12.328732","45.4413782","MEGI01","1115.26","6.0","187.24","MEGI","false"
"BARE2","Segment BARE2","Segment BARE2","","2074","BARE2","BARE02","6.3","12.3371608","45.4357305","BARE02","45.6974","6.7","6.88","BARE","false"
"MEGI3","Segment MEGI3","Segment MEGI3","00113SC0001,00113SC0005","2357","MEGI3","MEGI03","7.8","12.3284765","45.4397111","MEGI03","406.05","13.3","30.51","MEGI","false"
"TETT1","Segment TETT1","Segment TETT1","00103SC0022,00103SC0023,00103SC0024,00103SC0104,00103SC0105","2063","TETT1","TETT01","4.2","12.3424042","45.4381707","TETT01","264.294","6.6","39.95","TETT","false"
"MEGI2","Segment MEGI2","Segment MEGI2","00113SC0001,00113SC0004,00113SC0005","2354,2355","MEGI2","MEGI02","4.4","12.3287581","45.4401984","MEGI02","782.551","7.5","104.88","MEGI","false"
"TETT2","Segment TETT2","Segment TETT2","00103SC0020,00103SC0022,00103SC0105","2071","TETT2","TETT02","5.2","12.3434498","45.4377418","TETT02","1108.88","7.7","143.71","TETT","false"
"MOCE","Segment MOCE","Segment MOCE","00114SC0001,00114SC0004,00114SC0006","2364,2411","MOCE","MOCE01","2.0","12.3301615","45.4406097","MOCE01","1090.16","4.0","272.43","MOCE","true"
"FERA1","Segment FERA1","Segment FERA1","","2076","FERA1","FERA01","4.2","12.3374759","45.435647","FERA01","179.74","5.1","35.47","FERA","false"
"FUOC01","Segment FUOC01","Segment FUOC01","","",,,"14.0",,,,"2464.98","17.1","136.53","FUOC","false"
"FERA2","Segment FERA2","Segment FERA2","","2136,2137,2138","FERA2","FERA02","2.7","12.3381499","45.4352626","FERA02","668.174","4.9","136.44","FERA","false"
"1FIS","Segment 1FIS","Segment 1FIS","","3011","1FIS","FIS001","12.6","12.3129771","45.4259413","FIS001","3311.82","20.0","165.75","1FIS","false"
"FORM","Segment FORM","Segment FORM","00103SC0015,00103SC0019,00103SC0022,00103SC0032,00103SC0112,00103SC0115,00103SC0118","2065","FORM","FORM01","3.2","12.3415912","45.436903","FORM01","1042.09","6.3","164.58","FORM","false"
"CATM01","Segment CATM01","Segment CATM01","","",,,"15.2",,,,"7931.76","19.9",,"CATM","false"
"APON1","Segment APON1","Segment APON1","00003SC0074,00003SC0075,00003SC0112,00187SC0001,00187SC0004,00187SC0010,00187SC0015","2326","APON1","APON01","4.6","12.3315379","45.4380685","APON01","389.221","6.5","59.56","APON","false"
"NICO1","Segment NICO1","Segment NICO1","00003SC0104,00003SC0123,00366SC0001,00219SC0004,00219SC0013","2111,2112","NICO1","NICO01","6.2","12.3157899","45.4326001","NICO01","1464.0","8.5","172.67","NICO","false"
"NICO2","Segment NICO2","Segment NICO2","","2002","NICO2","NICO02","11.0","12.3156299","45.4315615","NICO02","818.481","12.5","65.36","NICO","false"
"APON2","Segment APON2","Segment APON2","00003SC0075,00187SC0002,00187SC0008,00187SC0009,00187SC0010,00187SC0015,00187SC0016","2315","APON2","APON02","4.2","12.3310074","45.4378066","APON02","198.721","5.7","35.09","APON","false"
"DOMI","Segment DOMI","Segment DOMI","00003SC0071,00114SC0002,00114SC0003,00114SC0011","2362,2363","DOMI","DOMI01","4.0","12.3310003","45.44002","DOMI01","1606.47","5.7","282.98","DOMI","false"
"MARG","Segment MARG","Segment MARG","00003SC0076,00219SC0006,00219SC0009,00219SC0011,00219SC0012,00219SC0016,00219SC0018","2123,2124","MARG","MARG01","6.6","12.3224312","45.4343539","MARG01","3117.38","11.2","279.08","MARG","false"
"DROM02","Segment DROM02","Segment DROM02","","",,,"15.5",,,,"4181.29","23.4","178.5","DROM","false"
"DROM01","Segment DROM01","Segment DROM01","","",,,"10.5",,,,"12294.81","32.4","378.9","DROM","false"
"EUFE2","Segment EUFE2","Segment EUFE2","00154SC0002,00154SC0015,00429SC0003","3004","EUFE2","EUFE02","6.8","12.3224884","45.4248738","EUFE02","2055.94","9.0","228.2","EUFE","false"
"EUFE1","Segment EUFE1","Segment EUFE1","00154SC0002,00154SC0015","3003","EUFE1","EUFE01","7.6","12.3232311","45.4266357","EUFE01","1113.12","8.6","129.56","EUFE","false"
"SVEV01","Segment SVEV01","Segment SVEV01","00371SC0006,00371SC0009","",,,"15.0",,,,"6161.85","20.2","305.17","SVEV","false"
"RACH2","Segment RACH2","Segment RACH2","00320SC0007,00320SC0032,00112SC0007,00112SC0011,00112SC0017,00112SC0019,00448SC0002,00448SC0003","2409","RACH2","RACH02","3.8","12.3351209","45.4424008","RACH02","352.15","4.9","72.31","RACH","false"
"BRAZ","Segment BRAZ","Segment BRAZ","00155SC0006,00155SC0007,00155SC0010,00179SC0003,00179SC0004,00179SC0006","2029","BRAZ","BRAZ01","6.6","12.3318171","45.4457856","BRAZ01","578.459","8.0","72.51","BRAZ","false"
"RACH1","Segment RACH1","Segment RACH1","00320SC0006,00320SC0032,00112SC0019,00448SC0001,00448SC0002,00448SC0003,00189SC0005,00189SC0006,00189SC0020","2050","RACH1","RACH01","3.2","12.3357532","45.4429561","RACH01","291.213","4.2","69.55","RACH","false"
"MARN","Segment MARN","Segment MARN","00102SC0009,00102SC0019,00102SC0022","2202,2203,2204","MARN","MARN01","5.2","12.32456","45.4400119","MARN01","2684.89","8.1","331.65","MARN","false"
"BARC1","Segment BARC1","Segment BARC1","00099SC0002,00099SC0014,00099SC0134","2087","BARC1","BARC01","5.4","12.3343168","45.4346545","BARC01","158.096","5.9","27.03","BARC","true"
"BARC2","Segment BARC2","Segment BARC2","00099SC0001,00099SC0010","2291","BARC2","BARC02","5.4","12.3347924","45.4341054","BARC02","871.08","8.4","103.53","BARC","false"
"GRIS1","Segment GRIS1","Segment GRIS1","00103SC0002,00103SC0026","2369,2455,2456","GRIS1","GRIS01","2.4","12.3370339","45.4394892","GRIS01","644.731","4.6","141.26","GRIS","false"
"BUCI","Segment BUCI","Segment BUCI","","2090","BUCI","BUCI01","18.8","12.3510297","45.4353547","BUCI01","1154.26","18.8",,"BUCI","false"
"GRIS2","Segment GRIS2","Segment GRIS2","00103SC0001,00103SC0002,00103SC0003,00103SC0026,00103SC0109","2453","GRIS2","GRIS02","3.2","12.3381579","45.4391127","GRIS02","441.995","5.7","77.95","GRIS","false"
"BARE1","Segment BARE1","Segment BARE1","","2075","BARE1","BARE01","3.8","12.3376157","45.4361027","BARE01","683.714","7.1","96.44","BARE","false"
"CANA01","Segment CANA01","Segment CANA01","00371SC0003,00371SC0004,00371SC0005","",,,"9.9",,,,"2825.31","11.4","246.83","CANA","false"
"GIOB","Segment GIOB","Segment GIOB","","2435,2445","GIOB","GIOB01","3.2","12.3194485","45.4448391","GIOB01","1647.87","6.0","274.35","GIOB","false"
"MICH","Segment MICH","Segment MICH","","2244,2309","MICH","MICH01","2.9","12.3315898","45.4353877","MICH01","484.13","4.7","103.87","MICH","false"
"PERG","Segment PERG","Segment PERG","00320SC0010,00114SC0001,00114SC0002,00114SC0005,00114SC0007","2343,2344","PERG","PERG01","2.8","12.3304306","45.4402933","PERG01","1248.32","4.5","279.39","PERG","false"
"SALV","Segment SALV","Segment SALV","","2457,2458","SALV","SALV01","2.8","12.336116","45.4363468","SALV01","1071.78","5.0","216.53","SALV","false"
"CAND01","Segment CAND01","Segment CAND01","00301SC0001,00369SC0001,00360SC0001","",,,"9.0",,,,"14743.67","19.4","758.55","CAND","false"
"MRTI1","Segment MRTI1","Segment MRTI1","00322SC0004,00115SC0002,00115SC0005,00115SC0007,00115SC0010,00447SC0006","2087","MRTI1","MRTI01","4.2","12.3487988","45.434872","MRTI01","105.177","5.1","20.52","MRTI","false"
"MRTI2","Segment MRTI2","Segment MRTI2","00115SC0008,00115SC0010,00447SC0003,00447SC0006","2088","MRTI2","MRTI02","2.6","12.3495064","45.4348393","MRTI02","316.652","3.6","87.04","MRTI","false"
"AVOG","Segment AVOG","Segment AVOG","00107SC0002,00107SC0009","2117,2122","AVOG","AVOG01","5.6","12.321994","45.432578","AVOG01","1646.41","8.9","185.82","AVOG","false"
"TRAS","Segment TRAS","Segment TRAS","00003SC0031,00003SC0034,00003SC0035,00155SC0004,00155SC0005,00155SC0009,00179SC0002,00179SC0003,00179SC0007","2026","TRAS","TRAS01","5.2","12.3297053","45.446379","TRAS01","483.778","6.5","74.89","TRAS","false"
"CTEO01","Segment CTEO01","Segment CTEO01","00346SC0014,00361SC0001","",,,"9.9",,,,"4720.12","14.5","324.37","CTEO","false"
"TRNC01","Segment TRNC01","Segment TRNC01","","",,,,"12.3067757","45.4387845","TRNC01","186365.42","186.38","999.9","TRNC",
"DELE01","Segment DELE01","Segment DELE01","","",,,,"12.3638671","45.430118","DELE01","65553.04","156.23","419.6","DELE",
"PLON2","Segment PLON2","Segment PLON2","00333SC0002,00333SC0003","3002","PLON2","PLON02","27.4","12.3280731","45.4240319","PLON02","5494.52","39.1","140.69","PLON","false"
"PLON1","Segment PLON1","Segment PLON1","00333SC0001,00333SC0003","3001","PLON1","PLON01","17.8","12.3288181","45.4253117","PLON01","3812.67","29.4","129.78","PLON","false"
"ACCA1","Segment ACCA1","Segment ACCA1","00009SC0127","","ACCA1","ACCA01","4.9","12.3281927","45.4316818","ACCA01","83.5462","5.1","16.6","GRAN","false"
"ACCA2","Segment ACCA2","Segment ACCA2","","","ACCA2","ACCA02","7.1","12.3289187","45.4313515","ACCA02","75.9319","7.2","10.49","GRAN","false"
"TRAP","Segment TRAP","Segment TRAP","00320SC0003,00320SC0004,00320SC0005,00320SC0033,00119SC0002,00119SC0011","2046","TRAP","TRAP01","4.4","12.3330031","45.4434374","TRAP01","1280.78","7.3","175.5","TRAP","false"
"ANZO1","Segment ANZO1","Segment ANZO1","00003SC0066,00108SC0002,00108SC0008,00108SC0010,00108SC0016","2460","ANZO1","ANZO01","4.6","12.3315209","45.43417","ANZO01","459.733","6.2","74.57","ANZO","false"
"SECO02","Segment SECO02","Segment SECO02","","",,,,"12.3199567","45.448211","SECO02","36221.48","115.76","312.9","SECO",
"SECO03","Segment SECO03","Segment SECO03","","",,,,"12.3228877","45.4489723","SECO03","33198.51","163.86","202.6","SECO",
"LATE1","Segment LATE1","Segment LATE1","00103SC0021,00103SC0104","2073","LATE1","LATE01","5.2","12.3433808","45.4381821","LATE01","1221.16","7.0","174.51","LATE","false"
"ZOBE","Segment ZOBE","Segment ZOBE","00099SC0005,00099SC0006,00099SC0007,00099SC0131","2133,2268,2269","ZOBE","ZOBE01","3.6","12.3325736","45.4324674","ZOBE01","1040.12","5.2","201.05","ZOBE","true"
"LATE2","Segment LATE2","Segment LATE2","00136SC0006,00136SC0007,00136SC0012,00136SC0018","2086","LATE2","LATE02","9.0","12.3450629","45.4378542","LATE02","909.077","11.0","82.69","LATE","false"
"MAUR","Segment MAUR","Segment MAUR","00099SC0004,00099SC0011","2130,2131,2266,2267","MAUR","MAUR01","1.2","12.332167","45.4325848","MAUR01","1092.91","4.3","256.32","MAUR","false"
"BRIA","Segment BRIA","Segment BRIA","00219SC0001,00219SC0002,00219SC0009,00219SC0010,00219SC0012,00219SC0016,00219SC0017,II473SC0006,II473SC0007,II473SC0017","2005","BRIA","BRIA01","9.0","12.3205392","45.4341927","BRIA01","1658.37","12.7","130.33","BRIA","false"
"FNUO10","Segment FNUO10","Segment FNUO10","","",,"FNUO10",,"12.3510595","45.4390714","FNUO10","8957.76","58.36","153.5","FNUO",
"FNUO11","Segment FNUO11","Segment FNUO11","","",,"FNUO11",,"12.3587473","45.4400119","FNUO11","71699.86","71.71","999.9","FNUO",
"MARC1","Segment MARC1","Segment MARC1","00119SC0006,00119SC0015","2392","MARC1","MARC01","4.0","12.3298986","45.4439043","MARC01","200.208","5.1","39.51","MARC","false"
"MARC2","Segment MARC2","Segment MARC2","00119SC0006","2391","MARC2","MARC02","4.4","12.3295187","45.4433527","MARC02","627.667","6.4","97.81","MARC","false"
"ORIO3","Segment ORIO3","Segment ORIO3","00102SC0007,00102SC0008,00102SC0019,00102SC0022","2350","ORIO3","ORIO03","6.8","12.3267994","45.4388888","ORIO03","910.587","8.8","103.93","ORIO","false"
"MARC3","Segment MARC3","Segment MARC3","00119SC0006","2390","MARC3","MARC03","6.4","12.3292072","45.4427606","MARC03","319.03","6.9","46.36","MARC","false"
"ORIO2","Segment ORIO2","Segment ORIO2","00113SC0001,00113SC0006","2348","ORIO2","ORIO02","4.0","12.3278681","45.4391278","ORIO02","276.549","5.4","51.32","ORIO","false"
"ORIO1","Segment ORIO1","Segment ORIO1","00113SC0001","2347,2491","ORIO1","ORIO01","4.4","12.3283185","45.4394467","ORIO01","395.008","7.7","51.61","ORIO","false"
"ORSO","Segment ORSO","Segment ORSO","00320SC0009,00108SC0001","2263","ORSO","ORSO01","3.7","12.3299091","45.4320678","ORSO01","413.839","4.5","92.13","ORSO","false"
"TROV2","Segment TROV2","Segment TROV2","00009SC0083,00107SC0005,00107SC0006,00107SC0007,00107SC0010","2227,2228","TROV2","TROV02","5.2","12.326577","45.431053","TROV02","2493.49","9.5","261.92","TROV","false"
"TROV1","Segment TROV1","Segment TROV1","00107SC0006,00107SC0007","2226","TROV1","TROV01","8.0","12.3273642","45.4323219","TROV01","135.691","9.8","13.94","TROV","false"
"TROV3","Segment TROV3","Segment TROV3","00009SC0084,00107SC0005","2019","TROV3","TROV03","13.0","12.3257314","45.4298393","TROV03","708.794","14.6","48.7","TROV","false"
"ORSE","Segment ORSE","Segment ORSE","","2501","ORSE","ORSE01","4.0","12.3366547","45.4344333","ORSE01","1140.17","9.5","120.11","ORSE","true"
"ANZO2","Segment ANZO2","Segment ANZO2","00108SC0002,00108SC0008","2021","ANZO2","ANZO02","3.0","12.3319486","45.4337561","ANZO02","176.823","5.2","34.22","ANZO","false"
"TEDE","Segment TEDE","Segment TEDE","00103SC0003,00103SC0031","2370,2371","TEDE","TEDE1,TEDE01","5.6","12.337165","45.4384347","TEDE01","875.784","7.9","110.39","TEDE","false"
"VERG2","Segment VERG2","Segment VERG2","","2097","VERG2","VERG02","9.2","12.3576946","45.4349502","VERG02","863.452","12.1","71.2","VERG","false"
"LUST","Segment LUST","Segment LUST","00155SC0001,00155SC0005,00155SC0006","2024","LUST","LUST01","4.4","12.3301808","45.4454201","LUST01","435.68","5.7","76.29","LUST","false"
"VERG1","Segment VERG1","Segment VERG1","","2096","VERG1","VERG01","9.6","12.3568989","45.4352769","VERG01","894.084","15.5","57.5","VERG","false"
"GRIM1","Segment GRIM1","Segment GRIM1","00119SC0002,00119SC0011","2043","GRIM1","GRIM01","4.0","12.3321912","45.4440955","GRIM01","183.626","4.9","37.56","GRIM","false"
"GRIM2","Segment GRIM2","Segment GRIM2","00119SC0002,00119SC0011,00119SC0012,00119SC0015","2044","GRIM2","GRIM02","5.0","12.3319117","45.4437593","GRIM02","276.603","6.6","42.18","GRIM","false"
"GIOR1","Segment GIOR1","Segment GIOR1","","3098","GIOR1","GIOR01","42.6","12.3422134","45.4277701","GIOR01","12723.48","60.6","210.05","GIOR","false"
"GIOR2","Segment GIOR2","Segment GIOR2","","3100","GIOR2","GIOR02","60.0","12.3418684","45.425999","GIOR02","13146.61","65.6","200.33","GIOR","false"
"ZUAN","Segment ZUAN","Segment ZUAN","00102SC0008,00102SC0009,00102SC0018,00102SC0019,00102SC0022","2205,2206","ZUAN","ZUAN01","3.8","12.3250456","45.4386543","ZUAN01","1206.27","5.5","218.09","ZUAN","false"
"GOZZ","Segment GOZZ","Segment GOZZ","00003SC0043,00189SC0001,00189SC0008,00189SC0009,00189SC0010,00189SC0017,00189SC0018","2057","GOZZ","GOZZ01","4.8","12.3380177","45.4421126","GOZZ01","1170.98","7.2","163.49","GOZZ","false"
"CHIA1","Segment CHIA1","Segment CHIA1","","2196,2197","CHIA1","CHIA01","18.8","12.316539","45.4393684","CHIA01","5866.43","27.4","214.33","CHIA","false"
"PIOM1","Segment PIOM1","Segment PIOM1","00103SC0007,00103SC0008,00103SC0010,00103SC0030,00103SC0107,00103SC0108","2067","PIOM1","PIOM01","2.8","12.3398911","45.4382113","PIOM01","377.98","3.9","97.17","PIOM","false"
"CHIA2","Segment CHIA2","Segment CHIA2","","2198","CHIA2","CHIA02","34.0","12.3151707","45.4383079","CHIA02","4883.01","40.7","120.13","CHIA","false"
"PIOM2","Segment PIOM2","Segment PIOM2","00103SC0006,00103SC0029,00103SC0030,00103SC0107","2154,2155,2156,2374","PIOM2","PIOM02","1.8","12.338744","45.4378781","PIOM02","798.343","4.5","175.52","PIOM","false"
"TREP3","Segment TREP3","Segment TREP3","II473SC0001,II473SC0003,II473SC0006,II473SC0010,II473SC0013,II473SC0014","2011","TREP3","TREP03","11.2","12.320509","45.4353102","TREP03","476.602","13.0","36.7","TREP","false"
"TREP2","Segment TREP2","Segment TREP2","II473SC0002,II473SC0003,II473SC0009,II473SC0011,II473SC0013","2012","TREP2","TREP02","8.2","12.3203648","45.4357788","TREP02","539.745","10.5","51.37","TREP","false"
"TREP1","Segment TREP1","Segment TREP1","II473SC0002,II473SC0008,II473SC0011","2009","TREP1","TREP01","10.0","12.3202557","45.4361415","TREP01","137.984","10.6","13.04","TREP","false"
"SECO01","Segment SECO01","Segment SECO01","","",,,,"12.3179993","45.4473419","SECO01","6041.37","68.73","87.9","SECO",
"ZIRA1","Segment ZIRA1","Segment ZIRA1","","2192","ZIRA1","ZIRA01","6.2","12.3195073","45.437181","ZIRA01","404.316","7.0","57.68","ZIRA","false"
"WIDM3","Segment WIDM3","Segment WIDM3","00180SC0002,00180SC0003,00180SC0006","2179,2180","WIDM3","WIDM03","4.8","12.3396866","45.4396597","WIDM03","247.324","7.2","34.25","WIDM","false"
"ZIRA2","Segment ZIRA2","Segment ZIRA2","","2186","ZIRA2","ZIRA02","8.1","12.3158064","45.4368856","ZIRA02","565.458","8.6","65.61","ZIRA","false"
"WIDM1","Segment WIDM1","Segment WIDM1","00180SC0004,00180SC0005","2500","WIDM1","WIDM01","4.8","12.339249","45.4405049","WIDM01","782.408","6.8","114.93","WIDM","false"
"WIDM2","Segment WIDM2","Segment WIDM2","00180SC0004,00180SC0005","2505","WIDM2","WIDM02","5.6","12.3395533","45.4399744","WIDM02","157.112","7.0","22.26","WIDM","false"
"CASS2","Segment CASS2","Segment CASS2","00320SC0017,00320SC0018,00320SC0019,00320SC0020,00320SC0029,00187SC0005,00187SC0006,00187SC0007,00187SC0008,00187SC0013","2324","CASS2","CASS02","4.0","12.3306018","45.4384947","CASS02","309.273","4.9","62.59","CASS","false"
"MADA2","Segment MADA2","Segment MADA2","00003SC0040,00003SC0095,00119SC0004","2396,2397,2415","MADA2","MADA02","4.0","12.3316048","45.4426595","MADA02","1231.21","6.0","203.6","MADA","false"
"MADA1","Segment MADA1","Segment MADA1","00003SC0040,00003SC0095,00119SC0004,00119SC0012","2395","MADA1","MADA01","5.8","12.3316926","45.4433526","MADA01","252.988","10.2","24.72","MADA","false"
"CASS1","Segment CASS1","Segment CASS1","00320SC0017,00320SC0018,00187SC0005,00187SC0006","2339,2340","CASS1","CASS01","3.2","12.3316922","45.4396344","CASS01","1264.35","5.0","251.9","CASS","false"
"2TOR1","Segment 2TOR1","Segment 2TOR1","00003SC0072,00114SC0002,00114SC0008,00114SC0009,00114SC0011,00114SC0012,00187SC0007","2361","2TOR1","2TOR01","5.4","12.3299143","45.4387999","2TOR01","107.022","5.8","18.39","2TOR","false"
"2TOR2","Segment 2TOR2","Segment 2TOR2","00102SC0001,00102SC0002,00102SC0021,00187SC0007","2321","2TOR2","2TOR02","3.6","12.3294686","45.4386272","2TOR02","291.769","5.9","49.32","2TOR","false"
"QUIN","Segment QUIN","Segment QUIN","00412SC0001","2100","QUIN","QUIN01","12.8","12.3607176","45.432671","QUIN01","6781.81","34.6","195.88","QUIN","false"
"TEOD02","Segment TEOD02","Segment TEOD02","","",,,"5.9",,,,"2211.88","20.8","106.28","TEOD","false"
"ROMI","Segment ROMI","Segment ROMI","00106SC0001,00106SC0003","2120,2121,2221","ROMI","ROMI01","4.8","12.3245896","45.4315411","ROMI01","1254.14","7.1","176.92","ROMI","false"
"PARM01","Segment PARM01","Segment PARM01","","",,,"6.1",,,,"1417.38","6.9","204.36","PARM","false"
"TEOD01","Segment TEOD01","Segment TEOD01","","",,,"7.5",,,,"1155.52","12.4","92.95","TEOD","false"
"SEBA","Segment SEBA","Segment SEBA","00219SC0003,00219SC0005,00219SC0010,00219SC0015","2115,2116","SEBA","SEBA01","8.4","12.320337","45.4318982","SEBA01","2764.92","10.8","256.99","SEBA","false"
"CAFO1","Segment CAFO1","Segment CAFO1","00009SC0125,00009SC0132,00009SC0133","2014","CAFO1","CAFO01","7.6","12.3237254","45.4354815","CAFO01","659.861","11.4","57.71","CAFO","false"
"CAFO2","Segment CAFO2","Segment CAFO2","00009SC0126,00009SC0133","2125,2233","CAFO2","CAFO02","9.8","12.3255299","45.4349494","CAFO02","3493.03","14.7","237.05","CAFO","true"
"VIO","Segment VIO","Segment VIO","00009SC0082,00120SC0001","2259,2260,2279","VIO","VIO001","5.8","12.3294443","45.430016","VIO001","2353.67","8.8","267.64","VIO","false"
"NOVO1","Segment NOVO1","Segment NOVO1","00009SC0078","2193,2194","NOVO1","NOVO01","15.4","12.3199861","45.4379095","NOVO01","3297.04","19.3","170.77","NOVO","false"
"OGNI2","Segment OGNI2","Segment OGNI2","00107SC0004","2017","OGNI2","OGNI02","7.2","12.3239411","45.430833","OGNI02","596.191","12.2","49.02","OGNI","false"
"OGNI1","Segment OGNI1","Segment OGNI1","00107SC0003,00107SC0004","2118,2119","OGNI1","OGNI01","5.4","12.3224938","45.4313129","OGNI01","1636.05","8.4","193.84","OGNI","false"
"CREA2","Segment CREA2","Segment CREA2","00009SC0113,00009SC0114,00346SC0016,00346SC0017,00346SC0020","2444","CREA2","CREA02","5.8","12.3190993","45.4431078","CREA02","2031.59","9.7","208.93","CREA","false"
"VIN","Segment VIN","Segment VIN","00431SC0001,00431SC0002,00431SC0004","2146,2147,2148","VIN","VIN001","1.6","12.3422965","45.4346028","VIN001","1351.29","5.8","232.2","VIN","false"
"GIUS","Segment GIUS","Segment GIUS","00104SC0008,00104SC0010","2091","GIUS","GIUS01","9.2","12.3459418","45.4389574","GIUS01","3395.14","15.1","225.5","GIUS","false"
"CREA1","Segment CREA1","Segment CREA1","00346SC0016,00346SC0017,00009SC0113,00009SC0114","2436,2437,2438,2439","CREA1","CREA01","3.6","12.3208131","45.4439869","CREA01","1496.24","5.6","266.87","CREA","false"
"MAVA01","Segment MAVA01","Segment MAVA01","","",,,"3.8",,,,"2146.1","9.9",,"MAVA","false"
"CREA3","Segment CREA3","Segment CREA3","00346SC0020,00009SC0093","2443","CREA3","CREA03","7.6","12.3175915","45.4440863","CREA03","1125.32","11.9","94.36","CREA","false"
"DEM101","Segment DEM101","Segment DEM101","","",,,"17.3",,,,"740.586","18.9","39.3","DEM1","false"
"NOVO3","Segment NOVO3","Segment NOVO3","00009SC0077,00009SC0079,00009SC0107,II473SC0008","2215","NOVO3","NOVO03","16.0","12.320287","45.436383","NOVO03","971.659","28.8","33.74","NOVO","false"
"NOVO2","Segment NOVO2","Segment NOVO2","00009SC0079,00009SC0107","2210","NOVO2","NOVO02","18.2","12.3201393","45.4367646","NOVO02","1166.43","21.8","53.47","NOVO","false"
"NOVO4","Segment NOVO4","Segment NOVO4","00009SC0077,00009SC0107,00009SC0132,II473SC0008","2104,2105","NOVO4","NOVO04","11.4","12.3217363","45.4358069","NOVO04","3522.17","14.9","236.28","NOVO","false"
"ONGA01","Segment ONGA01","Segment ONGA01","","",,,"9.6",,,,"6004.48","18.2","329.02","ONGA","false"
"GRAN8","Segment GRAN8","Segment GRAN8","","2382","GRAN8","GRAN08","30.0","12.3282508","45.4423929","GRAN08","6499.38","47.8","135.91","GRAN","false"
"GRAN9","Segment GRAN9","Segment GRAN9","","2381","GRAN9","GRAN09","40.8","12.3294788","45.4422492","GRAN09","2843.98","46.6","60.96","GRAN","false"
"GRAN3","Segment GRAN3","Segment GRAN3","","2201","GRAN3","GRAN03","36.2","12.3202294","45.4390906","GRAN03","3498.94","42.6","82.2","GRAN","false"
"GRAN2","Segment GRAN2","Segment GRAN2","","2195","GRAN2","GRAN02","41.8","12.3188053","45.439427","GRAN02","15761.78","79.0","199.46","GRAN","false"
"DUCA","Segment DUCA","Segment DUCA","00003SC0067,00108SC0004","2245,2246,2247,2248,2249","DUCA","DUCA01","2.4","12.3292218","45.4327274","DUCA01","1561.83","4.6","337.62","DUCA","false"
"SCOA2","Segment SCOA2","Segment SCOA2","","2077","SCOA2","SCOA02","7.0","12.3361178","45.4350339","SCOA02","208.299","8.1","25.61","SCOA","false"
"TASS01","Segment TASS01","Segment TASS01","","",,,"8.6",,,,"2892.57","12.7","228.08","TASS","false"
"GRAN1","Segment GRAN1","Segment GRAN1","","2199,2200","GRAN1","GRAN01","44.6","12.3168918","45.4413632","GRAN01","28096.82","77.4","362.88","GRAN","false"
"CANN1","Segment CANN1","Segment CANN1","","2434","CANN1","CANN01","20.4","12.3195191","45.4463114","CANN01","4908.8","23.7","207.38","CANN","false"
"GRAN7","Segment GRAN7","Segment GRAN7","","2383","GRAN7","GRAN07","46.6","12.3268741","45.4423953","GRAN07","4158.44","56.6","73.44","GRAN","false"
"CANN3","Segment CANN3","Segment CANN3","","2431,2432","CANN3","CANN03","16.2","12.3236284","45.4445286","CANN03","7152.76","20.3","352.46","CANN","false"
"GRAN6","Segment GRAN6","Segment GRAN6","","2384","GRAN6","GRAN06","39.2","12.3253301","45.4420472","GRAN06","9526.99","49.2","193.73","GRAN","false"
"CANN2","Segment CANN2","Segment CANN2","","2433","CANN2","CANN02","22.2","12.3211033","45.4453877","CANN02","2401.18","24.8","96.77","CANN","false"
"GRAN5","Segment GRAN5","Segment GRAN5","","2385","GRAN5","GRAN05","40.6","12.3236168","45.4414956","GRAN05","3983.99","43.7","91.2","GRAN","false"
"GRAN4","Segment GRAN4","Segment GRAN4","","2496,2497","GRAN4","GRAN04","34.0","12.321726","45.4403561","GRAN04","14249.51","48.1","296.11","GRAN","false"
"CANN4","Segment CANN4","Segment CANN4","","2388,2389","CANN4","CANN04","14.8","12.3258678","45.4430636","CANN04","2589.12","20.7","124.92","CANN","false"
"ANDR2","Segment ANDR2","Segment ANDR2","00003SC0042,00112SC0006,00112SC0012,00112SC0016,00448SC0004,00448SC0005,00189SC0010,00189SC0017","2048","ANDR2","ANDR02","7.0","12.3365832","45.4423477","ANDR02","309.772","8.3","37.32","ANDR","false"
"ANDR1","Segment ANDR1","Segment ANDR1","00003SC0041,00112SC0006,00112SC0011,00112SC0016,00112SC0019,00448SC0001,00448SC0002,00448SC0003,00448SC0004","2049","ANDR1","ANDR01","6.2","12.335899","45.4425217","ANDR01","567.635","7.9","72.11","ANDR","false"
"PONT01","Segment PONT01","Segment PONT01","00303SC0004,00303SC0005,00367SC0001,00367SC0002,00367SC0003,00367SC0004","",,,"4.8",,,,"1505.86","8.3","181.68","PONT","false"
"MARI2","Segment MARI2","Segment MARI2","00103SC0007,00103SC0008,00103SC0101,00103SC0108","2059","MARI2","MARI02","9.0","12.3399426","45.4386735","MARI02","180.108","11.3","16.03","MARI","false"
"MARI1","Segment MARI1","Segment MARI1","00103SC0001,00103SC0003,00103SC0009,00103SC0101,00103SC0109","2490","MARI1","MARI01","6.4","12.3392307","45.4388338","MARI01","769.749","8.9","86.47","MARI","false"
"CMIS2","Segment CMIS2","Segment CMIS2","","2035","CMIS2","CMIS02","16.6","12.3356291","45.4438743","CMIS02","2235.0","23.8","94.11","CMIS","false"
"CMIS3","Segment CMIS3","Segment CMIS3","","2037","CMIS3","CMIS03","1.2","12.3350627","45.4433473","CMIS03","1329.34","33.9","39.22","CMIS","false"
"CMIS1","Segment CMIS1","Segment CMIS1","","","CMIS1","CMIS01","14.6","12.3364259","45.4447486","CMIS01","1600.86","14.9","107.19","CMIS","false"
"MARI4","Segment MARI4","Segment MARI4","00103SC0011,00103SC0012,00103SC0102,00103SC0103","2061","MARI4","MARI04","16.8","12.3408214","45.4384981","MARI04","405.743","18.9","21.52","MARI","false"
"TERE1","Segment TERE1","Segment TERE1","00325SC0001","2218","TERE1","TERE01","16.8","12.3164034","45.4343209","TERE01","1428.95","22.1","64.69","TERE","false"
"MARI3","Segment MARI3","Segment MARI3","00103SC0007,00103SC0010,00103SC0102,00103SC0108","2058","MARI3","MARI03","9.2","12.3403547","45.4385883","MARI03","450.478","11.2","40.11","MARI","false"
"SCOA1","Segment SCOA1","Segment SCOA1","","2134,2135","SCOA1","SCOA01","4.4","12.336482","45.4354154","SCOA01","630.938","6.3","99.59","SCOA","false"
"TERE2","Segment TERE2","Segment TERE2","00325SC0001,00366SC0001","2110,2219","TERE2","TERE02","7.2","12.3168682","45.4336104","TERE02","1941.93","12.7","153.02","TERE","false"
"PANT","Segment PANT","Segment PANT","00102SC0010,00102SC0011,00102SC0024","2022","PANT","PANT01","6.8","12.3243917","45.4360509","PANT01","1216.21","10.8","112.08","PANT","false"
"BACI01","Segment BACI01","Segment BACI01","","",,,,"12.3397509","45.4305261","BACI01","93212.02","340.69","273.6","BACI",
"BACI02","Segment BACI02","Segment BACI02","","",,,,"12.3401616","45.431703","BACI02","29737.48","432.86","68.7","BACI",
"BACI05","Segment BACI05","Segment BACI05","","",,,,"12.3445329","45.4318866","BACI05","88555.54","387.04","228.8","BACI",
"BACI06","Segment BACI06","Segment BACI06","","",,,,"12.3457384","45.4325977","BACI06","14510.44","325.35","44.6","BACI",
"BACI03","Segment BACI03","Segment BACI03","","",,,,"12.341133","45.4321265","BACI03","33438.22","347.23","96.3","BACI",
"DEMU01","Segment DEMU01","Segment DEMU01","","",,,"9.9",,,,"1437.62","11.0","131.12","DEMU","false"
"BACI04","Segment BACI04","Segment BACI04","","",,,,"12.342368","45.4321955","BACI04","26883.06","343.77","78.2","BACI",
"BACI09","Segment BACI09","Segment BACI09","","",,,,"12.3490014","45.4313956","BACI09","22902.81","263.55","86.9","BACI",
"BACI07","Segment BACI07","Segment BACI07","","",,,,"12.3469064","45.4325113","BACI07","35712.33","299.1","119.4","BACI",
"BACI08","Segment BACI08","Segment BACI08","","",,,,"12.3482181","45.4320757","BACI08","19071.14","294.31","64.8","BACI",
"FORN2","Segment FORN2","Segment FORN2","00130SC0001,00130SC0004","2273,2274","FORN2","FORN02","4.4","12.332775","45.4292153","FORN02","1468.94","8.7","168.65","FORN","false"
"PIER2","Segment PIER2","Segment PIER2","00413SC0004,00413SC0005","2098","PIER2","PIER02","32.4","12.3582578","45.4338172","PIER02","9544.91","45.7","208.62","PIER","false"
"FORN1","Segment FORN1","Segment FORN1","00130SC0001,00130SC0004","2272","FORN1","FORN01","3.4","12.3326264","45.430499","FORN01","489.257","4.7","104.28","FORN","false"
"PIER3","Segment PIER3","Segment PIER3","00413SC0005","2099","PIER3","PIER03","36.4","12.3587633","45.4324408","PIER03","5169.23","49.7","104.13","PIER","false"
"BURC","Segment BURC","Segment BURC","","2190,2191","BURC","BURC01","6.6","12.3179565","45.4366613","BURC01","2629.6","8.2","319.46","BURC","false"
"CALA02","Segment CALA02","Segment CALA02","","",,,,"12.3158272","45.4435607","CALA02","7257.87","36.44","199.2","CALA",
"GRAN40","Segment GRAN40","Segment GRAN40","","2282","GRAN40",,"68.4","12.3351825","45.4314658","GRAN40","13822.16","88.0","157.06","GRAN","false"
"CALA01","Segment CALA01","Segment CALA01","","",,,,"12.3170333","45.4456757","CALA01","14830.65","43.7","339.4","CALA",
"GRAN41","Segment GRAN41","Segment GRAN41","","2283","GRAN41",,"108.0","12.336507","45.4315328","GRAN41","7108.97","120.7","58.94","GRAN","false"
"CALA03","Segment CALA03","Segment CALA03","","",,,,"12.3142972","45.4426307","CALA03","13658.9","88.24","154.8","CALA",
"SCUO01","Segment SCUO01","Segment SCUO01","00371SC0001,00371SC0002,00371SC0003,00379SC0002","",,,"9.1",,,,"3249.34","10.3","316.53","SCUO","false"
"ROVI01","Segment ROVI01","Segment ROVI01","00371SC0007,00379SC0001","",,,"8.4",,,,"10842.49","11.4","948.45","ROVI","false"
"PIER1","Segment PIER1","Segment PIER1","00413SC0004,00413SC0005","2101","PIER1","PIER01","27.4","12.3588619","45.4351446","PIER01","6619.19","46.6","141.92","PIER","false"
"FORT01","Segment FORT01","Segment FORT01","","",,,"6.5",,,,"7270.57","11.3","645.8","FORT","false"
"FORT02","Segment FORT02","Segment FORT02","","",,,"9.7",,,,"4565.29","12.8","357.87","FORT","false"
"AGOS","Segment AGOS","Segment AGOS","00102SC0006,00102SC0007,00102SC0008,00102SC0012","2349","AGOS","AGOS01","6.4","12.3279461","45.4384343","AGOS01","1523.22","11.7","130.1","AGOS","false"
"GERO","Segment GERO","Segment GERO","","2163,2164","GERO","GERO01","7.0","12.3558427","45.4346559","GERO01","3671.32","10.8","341.17","GERO","false"
"ALBO","Segment ALBO","Segment ALBO","00099SC0008,00099SC0010","2284,2286","ALBO","ALBO01","4.6","12.3335197","45.4323214","ALBO01","1073.33","6.4","168.91","ALBO","true"
"NAVI02","Segment NAVI02","Segment NAVI02","","",,,,"12.3641652","45.437813","NAVI02","151845.99","315.56","481.2","NAVI",
"GRAN31","Segment GRAN31","Segment GRAN31","","2251","GRAN31",,"39.2","12.3280615","45.4321562","GRAN31","3432.77","47.9","71.65","GRAN","false"
"NAVI03","Segment NAVI03","Segment NAVI03","","",,,,"12.3614372","45.4360638","NAVI03","23130.05","458.02","50.5","NAVI",
"GRAN32","Segment GRAN32","Segment GRAN32","","2250","GRAN32",,"46.0","12.32857","45.4318598","GRAN32","1501.08","49.5","30.33","GRAN","false"
"NAVI04","Segment NAVI04","Segment NAVI04","","",,,,"12.3631169","45.4347397","NAVI04","92151.7","358.71","256.9","NAVI",
"NAVI05","Segment NAVI05","Segment NAVI05","","",,,,"12.3641697","45.4329651","NAVI05","42039.88","226.14","185.9","NAVI",
"GRAN30","Segment GRAN30","Segment GRAN30","","2252","GRAN30",,"40.4","12.3276231","45.4327266","GRAN30","4039.28","56.4","71.56","GRAN","false"
"NAVI06","Segment NAVI06","Segment NAVI06","","",,,,"12.3661331","45.4309308","NAVI06","68333.99","203.13","336.4","NAVI",
"NAVI07","Segment NAVI07","Segment NAVI07","","",,,,"12.3692272","45.4292001","NAVI07","91275.39","328.68","277.7","NAVI",
"GRAN39","Segment GRAN39","Segment GRAN39","","2281","GRAN39",,"61.2","12.3338814","45.4313432","GRAN39","2446.69","66.3","36.9","GRAN","false"
"LIO","Segment LIO","Segment LIO","00103SC0003,00103SC0009,00103SC0026,00103SC0031,00103SC0109","2373","LIO","LIO001","4.2","12.338212","45.438616","LIO001","675.966","7.6","89.31","LIO","false"
"GRAN37","Segment GRAN37","Segment GRAN37","","2270","GRAN37",,"65.8","12.3322933","45.4312488","GRAN37","2334.09","68.6","34.0","GRAN","false"
"SERV1","Segment SERV1","Segment SERV1","00119SC0009,00119SC0015","2042","SERV1","SERV01","6.2","12.3301929","45.4445124","SERV01","799.886","9.4","85.34","SERV","false"
"GRAN38","Segment GRAN38","Segment GRAN38","","2280","GRAN38",,"58.4","12.3330629","45.4312939","GRAN38","5971.95","67.3","88.71","GRAN","false"
"SERV2","Segment SERV2","Segment SERV2","00119SC0002,00119SC0006,00119SC0009,00119SC0015","2393","SERV2","SERV02","7.6","12.3309134","45.4438465","SERV02","1478.3","10.8","137.23","SERV","false"
"GRAN35","Segment GRAN35","Segment GRAN35","00120SC0001","2258","GRAN35",,"47.4","12.3299918","45.4313806","GRAN35","3391.23","55.3","61.3","GRAN","false"
"GRAN36","Segment GRAN36","Segment GRAN36","00120SC0001,00120SC0002","2271","GRAN36",,"48.8","12.3312196","45.4312329","GRAN36","8489.97","63.3","134.21","GRAN","false"
"GRAN33","Segment GRAN33","Segment GRAN33","00313SC0001,00313SC0002,00313SC0003,00313SC0004,00313SC0005","2255","GRAN33",,"45.0","12.328888","45.4316861","GRAN33","1627.02","51.8","31.37","GRAN","false"
"NAVI01","Segment NAVI01","Segment NAVI01","","",,,,"12.3660818","45.4405216","NAVI01","53583.9","260.5","205.7","NAVI",
"GRAN34","Segment GRAN34","Segment GRAN34","","2257","GRAN34",,"44.8","12.3293363","45.4315409","GRAN34","2298.86","50.2","45.79","GRAN","false"
"PALA","Segment PALA","Segment PALA","00154SC0005,00154SC0012","3033","PALA","PALA01","10.6","12.3273117","45.4248685","PALA01","2540.53","16.0","158.62","PALA","false"
"MORT","Segment MORT","Segment MORT","00003SC0116,00003SC0117,00346SC0009,00154SC0005,00154SC0016","3032","MORT","MORT01","4.6","12.3250481","45.4243728","MORT01","389.613","6.2","62.61","MORT","false"
"REAL","Segment REAL","Segment REAL","00006SC0063,00006SC0110,00006SC0111","2081","REAL","REAL01","5.0","12.3381104","45.4332264","REAL01","870.374","7.1","122.17","LUNA","false"
"GRAN20","Segment GRAN20","Segment GRAN20","00187SC0010","2332","GRAN20",,"47.4","12.3333341","45.4366879","GRAN20","8182.63","58.7","139.32","GRAN","false"
"POLO1","Segment POLO1","Segment POLO1","00102SC0002,00102SC0004,00102SC0006,00102SC0007,00102SC0021","2318","POLO1","POLO01","4.4","12.3287951","45.4382341","POLO01","505.713","5.9","86.09","POLO","false"
"GRAN21","Segment GRAN21","Segment GRAN21","00187SC0009,00187SC0010","2307","GRAN21",,"59.8","12.3318586","45.4362335","GRAN21","7308.08","65.0","112.38","GRAN","false"
"BOLD2","Segment BOLD2","Segment BOLD2","00114SC0001,00114SC0004,00114SC0007","2359","BOLD2","BOLD02","3.2","12.3291329","45.4394513","BOLD02","152.087","4.0","37.84","BOLD","false"
"BOLD1","Segment BOLD1","Segment BOLD1","00114SC0004,00114SC0006","2358","BOLD1","BOLD01","2.2","12.328793","45.4396361","BOLD01","84.8232","3.2","26.46","BOLD","false"
"BOLD3","Segment BOLD3","Segment BOLD3","00320SC0010,00114SC0002,00114SC0003,00114SC0007,00114SC0008,00114SC0011","2360","BOLD3","BOLD03","4.0","12.32968","45.4391042","BOLD03","380.203","5.6","67.53","BOLD","false"
"GRAN26","Segment GRAN26","Segment GRAN26","","2236","GRAN26",,"53.8","12.3281107","45.435144","GRAN26","4025.3","60.6","66.36","GRAN","false"
"GRAN27","Segment GRAN27","Segment GRAN27","","2235","GRAN27",,"47.4","12.3274866","45.4348436","GRAN27","2503.87","52.0","48.2","GRAN","false"
"GRAN28","Segment GRAN28","Segment GRAN28","","2234","GRAN28",,"34.0","12.3272206","45.4340964","GRAN28","7828.27","55.4","141.27","GRAN","false"
"GRAN29","Segment GRAN29","Segment GRAN29","","2253","GRAN29",,"52.8","12.3274049","45.4332373","GRAN29","3088.72","63.7","48.55","GRAN","false"
"GRAN22","Segment GRAN22","Segment GRAN22","00187SC0009","2306","GRAN22",,"66.8","12.3309112","45.4360258","GRAN22","2957.4","68.1","43.36","GRAN","false"
"MORO","Segment MORO","Segment MORO","00101SC0001,00101SC0003,00101SC0013","2421","MORO","MORO1,MORO01","17.4","12.3217223","45.4475793","MORO01","1731.72","21.4","80.75","MORO","false"
"GRAN23","Segment GRAN23","Segment GRAN23","","2305","GRAN23",,"65.2","12.3303645","45.4358499","GRAN23","3552.61","71.2","49.86","GRAN","false"
"GRAN24","Segment GRAN24","Segment GRAN24","","2304","GRAN24",,"68.7","12.3298186","45.4357138","GRAN24","3085.64","72.1","42.78","GRAN","false"
"GRAN25","Segment GRAN25","Segment GRAN25","","2237","GRAN25",,"54.2","12.3290637","45.4354329","GRAN25","5761.43","62.0","92.95","GRAN","false"
"BACI10","Segment BACI10","Segment BACI10","","",,,,"12.3513689","45.4302487","BACI10","87130.85","242.1","359.9","BACI",
"BACI11","Segment BACI11","Segment BACI11","","",,,,"12.354951","45.4281287","BACI11","99230.9","265.61","373.6","BACI",
"BACI12","Segment BACI12","Segment BACI12","","",,,,"12.3579805","45.4254519","BACI12","136254.64","379.01","359.5","BACI",
"BACI13","Segment BACI13","Segment BACI13","","",,,,"12.3604321","45.4224919","BACI13","247515.11","523.29","473.0","BACI",
"GORN","Segment GORN","Segment GORN","00115SC0002,00115SC0004,00115SC0008,00115SC0010,00115SC0011,00447SC0003,00447SC0005,00447SC0006,00447SC0007","2170,2171,2172","GORN","GORN01","2.8","12.3495459","45.4362663","GORN01","1973.09","6.4","307.82","GORN","false"
"GRAN19","Segment GRAN19","Segment GRAN19","","2333","GRAN19",,"43.4","12.3345634","45.4371471","GRAN19","4106.68","53.9","76.19","GRAN","false"
"BACI14","Segment BACI14","Segment BACI14","","",,,,"12.3655028","45.4224485","BACI14","127423.59","541.08","235.5","BACI",
"POLO3","Segment POLO3","Segment POLO3","00102SC0005,00102SC0013,00102SC0014,00102SC0023","2301","POLO3","POLO03","6.0","12.3289997","45.4370433","POLO03","989.687","10.9","90.55","POLO","false"
"BACI15","Segment BACI15","Segment BACI15","","",,,,"12.368767","45.422216","BACI15","131141.95","623.0","210.5","BACI",
"POLO2","Segment POLO2","Segment POLO2","00102SC0004,00102SC0005,00102SC0006,00102SC0012,00102SC0023","2299","POLO2","POLO02","9.2","12.3286474","45.4376945","POLO02","631.905","11.8","53.67","POLO","false"
"BACI16","Segment BACI16","Segment BACI16","","",,,,"12.3711846","45.4241162","BACI16","224524.63","742.97","302.2","BACI",
"POLO5","Segment POLO5","Segment POLO5","00102SC0003,00102SC0014","2303","POLO5","POLO05","17.4","12.3298669","45.4361274","POLO05","169.658","19.9","9.86","POLO","false"
"POLO4","Segment POLO4","Segment POLO4","00102SC0003,00102SC0013,00102SC0014","2302","POLO4","POLO04","8.6","12.3294188","45.4363759","POLO04","882.161","11.6","76.03","POLO","false"
"GRAN14","Segment GRAN14","Segment GRAN14","00187SC0003,00187SC0005","2338","GRAN14",,"45.0","12.3334846","45.4405276","GRAN14","8417.5","67.8","124.14","GRAN","false"
"GRAN13","Segment GRAN13","Segment GRAN13","00187SC0005","2341","GRAN13",,"56.6","12.3325234","45.4410766","GRAN13","4626.45","69.0","66.99","GRAN","false"
"GRAN12","Segment GRAN12","Segment GRAN12","","2342","GRAN12",,"53.2","12.332073","45.4413724","GRAN12","1704.9","60.2","28.27","GRAN","false"
"ARSE","Segment ARSE","Segment ARSE","00355SC0001","2476,2477","ARSE","ARSE01","11.6","12.3498566","45.4336208","ARSE01","3907.16","14.9","261.94","ARSE","false"
"GRAN11","Segment GRAN11","Segment GRAN11","","2414","GRAN11",,"51.6","12.3316003","45.4416385","GRAN11","3883.8","57.8","67.24","GRAN","false"
"GRAN18","Segment GRAN18","Segment GRAN18","","2334","GRAN18",,"26.4","12.3356449","45.4378411","GRAN18","7241.8","41.7","173.57","GRAN","false"
"GRAN17","Segment GRAN17","Segment GRAN17","","2335","GRAN17",,"26.4","12.3359768","45.4390254","GRAN17","4723.93","45.8","103.16","GRAN","false"
"GRAN16","Segment GRAN16","Segment GRAN16","","2336","GRAN16",,"47.6","12.3355512","45.4395539","GRAN16","2752.71","58.7","46.92","GRAN","false"
"GRAN15","Segment GRAN15","Segment GRAN15","00331SC0004","2337","GRAN15",,"47.4","12.3347907","45.4400001","GRAN15","6631.25","58.8","112.84","GRAN","false"
"GRAN10","Segment GRAN10","Segment GRAN10","","2412,2413","GRAN10",,"45.4","12.3305841","45.4419832","GRAN10","6545.75","57.0","114.76","GRAN","false"
"BERN","Segment BERN","Segment BERN","00102SC0001,00102SC0002,00102SC0006,00102SC0021","2319","BERN","BERN01","2.4","12.329464","45.4383571","BERN01","200.714","3.8","52.91","BERN","false"
"NOAL4","Segment NOAL4","Segment NOAL4","","2398,2399","NOAL4","NOAL04","8.0","12.3328301","45.4421507","NOAL04","1493.84","11.3","132.34","NOAL","false"
"AMAV01","Segment AMAV01","Segment AMAV01","","",,,"20.5",,,,"5326.88","31.3","170.36","AMAV","false"
"NOAL1","Segment NOAL1","Segment NOAL1","","2038","NOAL1","NOAL01","10.2","12.3345991","45.4431341","NOAL01","499.93","12.6","39.62","NOAL","false"
"NOAL2","Segment NOAL2","Segment NOAL2","","2045","NOAL2","NOAL02","12.2","12.3341016","45.4429466","NOAL02","389.447","15.1","25.82","NOAL","false"
"NOAL3","Segment NOAL3","Segment NOAL3","","2401","NOAL3","NOAL03","10.4","12.3336598","45.4427389","NOAL03","631.141","14.0","45.17","NOAL","false"
"TRON","Segment TRON","Segment TRON","00113SC0004,00113SC0005","2379,2380","TRON","TRON01","2.4","12.3293308","45.4413299","TRON01","587.047","3.4","172.43","TRON","false"
"AMAL","Segment AMAL","Segment AMAL","00102SC0004,00102SC0005,00102SC0013,00102SC0023","2300","AMAL","AMAL01","5.2","12.3286287","45.4373939","AMAL01","143.189","5.6","25.7","AMAL","false"
"FAVA1","Segment FAVA1","Segment FAVA1","00103SC0006","2372","FAVA1","FAVA01","5.4","12.337787","45.4381808","FAVA01","76.6548","7.1","10.92","FAVA","false"
"CTIA01","Segment CTIA01","Segment CTIA01","","",,,"10.1",,,,"10086.97","14.3","703.15","CTIA","false"
"FAVA2","Segment FAVA2","Segment FAVA2","00103SC0006,00103SC0027,00103SC0029","2157,2158","FAVA2","FAVA02","6.4","12.3376949","45.4371831","FAVA02","1711.91","8.9","192.52","FAVA","false"
"FRES","Segment FRES","Segment FRES","00102SC0010,00102SC0011,00102SC0018,00102SC0024","2126,2292","FRES","FRES01","2.4","12.3262501","45.4358343","FRES01","1379.31","5.2","267.49","FRES","false"
"FALB01","Segment FALB01","Segment FALB01","","",,,"6.9",,,,"9579.69","26.6","360.1","FALB","false"
"CANO","Segment CANO","Segment CANO","","2463,2464","CANO","CANO01","7.6","12.3406735","45.4346114","CANO01","2814.5","10.0","281.51","CANO","false"
"DANI","Segment DANI","Segment DANI","","2166,2167,2168,2169","DANI","DANI01","3.2","12.356916","45.4338248","DANI01","1691.98","5.7","296.68","DANI","false"
"DEM201","Segment DEM201","Segment DEM201","","",,,"17.1",,,,"2594.86","22.3","116.31","DEM2","false"
"SSER01","Segment SSER01","Segment SSER01","","",,,"10.7",,,,"4377.86","16.7","261.49","SSER","false"
"ACQU1","Segment ACQU1","Segment ACQU1","00448SC0005,00189SC0006,00189SC0007,00189SC0009,00189SC0010,00189SC0015,00189SC0017","2053","ACQU1","ACQU01","6.6","12.3370554","45.442564","ACQU01","537.834","8.2","65.32","ACQU","false"
"CGRA03","Segment CGRA03","Segment CGRA03","","",,,"32.8",,,,"25119.98","59.6","421.4","CGRA","false"
"CGRA04","Segment CGRA04","Segment CGRA04","","",,,"108.0",,,,"30745.38","134.7","228.35","CGRA","false"
"RAFF2","Segment RAFF2","Segment RAFF2","00003SC0081,00003SC0104,00003SC0123,00219SC0004,00219SC0005,00219SC0007,00219SC0013","2003","RAFF2","RAFF02","8.0","12.3162751","45.4321819","RAFF02","1319.66","11.6","113.37","RAFF","false"
"SENS1","Segment SENS1","Segment SENS1","00003SC0033,00155SC0003,00179SC0002","2419,2420","SENS1","SENS01","9.2","12.3248345","45.4475396","SENS01","4631.48","15.3","301.73","SENS","false"
"CGRA01","Segment CGRA01","Segment CGRA01","","",,,"66.2",,,,"20070.39","83.3","240.95","CGRA","false"
"RAFF1","Segment RAFF1","Segment RAFF1","00003SC0081,00003SC0104,00219SC0003,00219SC0004,00219SC0005,00219SC0015","2113,2114","RAFF1","RAFF01","6.0","12.3181675","45.4326049","RAFF01","1852.13","8.7","211.89","RAFF","false"
"SENS2","Segment SENS2","Segment SENS2","00003SC0031,00003SC0034,00155SC0004,00155SC0009","2418","SENS2","SENS02","7.2","12.3281389","45.4464029","SENS02","3024.18","13.1","230.62","SENS","false"
"CGRA02","Segment CGRA02","Segment CGRA02","","",,,"43.2",,,,"12915.28","52.0","248.46","CGRA","false"
"SENS3","Segment SENS3","Segment SENS3","00003SC0031,00003SC0035,00155SC0001,00155SC0005,00155SC0009","2025","SENS3","SENS03","9.6","12.329931","45.4459004","SENS03","803.684","11.9","67.66","SENS","false"
"COLE01","Segment COLE01","Segment COLE01","","",,,"12.9",,,,"2394.67","14.0","170.83","COLE","false"
"SENS4","Segment SENS4","Segment SENS4","00003SC0036,00155SC0001,00155SC0006,00155SC0010","2030","SENS4","SENS04","9.2","12.3309146","45.445641","SENS04","844.342","10.2","82.67","SENS","false"
"ACQU3","Segment ACQU3","Segment ACQU3","00112SC0001,00112SC0009,00112SC0012","2407","ACQU3","ACQU03","9.2","12.3364909","45.4416884","ACQU03","602.438","11.3","53.45","ACQU","false"
"SENS5","Segment SENS5","Segment SENS5","00003SC0032,00003SC0037,00155SC0002,00155SC0007,00155SC0010","2031","SENS5","SENS05","6.4","12.3324162","45.445131","SENS05","1681.32","10.2","165.56","SENS","false"
"FUSE","Segment FUSE","Segment FUSE","","2461,2462","FUSE","FUSE01","5.0","12.3353309","45.4347102","FUSE01","871.4","7.0","124.75","FUSE","false"
"ACQU2","Segment ACQU2","Segment ACQU2","00112SC0001,00112SC0012,00448SC0005,00189SC0009,00189SC0017","2410","ACQU2","ACQU02","10.6","12.3367417","45.4420807","ACQU02","448.021","10.9","41.04","ACQU","false"
"SENS6","Segment SENS6","Segment SENS6","00003SC0032,00003SC0038,00155SC0002,00155SC0008","2036","SENS6","SENS06","10.6","12.3341844","45.4441154","SENS06","2364.71","13.4","176.24","SENS","false"
"ZECA","Segment ZECA","Segment ZECA","00006SC0110,00006SC0111","2082,2504","ZECA","ZECA01","5.1","12.3389799","45.4332134","ZECA01","557.564","8.0","69.52","LUNA","false"
"ZECC","Segment ZECC","Segment ZECC","00009SC0124,00179SC0002,00179SC0003,00179SC0005,00179SC0007","2027","ZECC","ZECC01","11.0","12.3304181","45.4474353","ZECC01","1926.4","12.4","155.14","ZECC","false"
"SACF3","Segment SACF3","Segment SACF3","00346SC0003,00346SC0012","3008","SACF3","SACF03","9.4","12.3155823","45.4262317","SACF03","2674.95","15.4","174.14","SACF","false"
"SACF2","Segment SACF2","Segment SACF2","00346SC0002,00346SC0004,00346SC0012,00346SC0013","3010","SACF2","SACF02","11.6","12.3135284","45.4265854","SACF02","1658.74","16.1","103.04","SACF","false"
"SACF1","Segment SACF1","Segment SACF1","00346SC0005,00346SC0013","3012","SACF1","SACF01","11.8","12.3122064","45.4268422","SACF01","860.401","17.6","48.85","SACF","false"
"CSER01","Segment CSER01","Segment CSER01","","",,,"20.5",,,,"22044.74","55.7","395.79","CSER","false"
"DIO","Segment DIO","Segment DIO","00003SC0026,00115SC0002,00115SC0007","2174,2175","DIO","DIO001","6.0","12.3484587","45.4339654","DIO001","1719.14","9.0","191.33","DIO","false"
"TANA3","Segment TANA3","Segment TANA3","","2481","TANA3","TANA03","14.6","12.3505866","45.4319978","TANA03","336.494","16.2","20.71","TANA","false"
"TANA2","Segment TANA2","Segment TANA2","","2165,2479,2480","TANA2","TANA02","5.8","12.3530109","45.4329593","TANA02","4964.82","11.0","453.29","TANA","false"
"MADO2","Segment MADO2","Segment MADO2","00320SC0018,00320SC0020,00320SC0028,00320SC0029,00187SC0002,00187SC0006,00187SC0008,00187SC0013,00187SC0016","2323","MADO2","MADO02","5.2","12.3305998","45.4379802","MADO02","435.975","7.0","62.59","MADO","false"
"TANA1","Segment TANA1","Segment TANA1","00326SC0002,00326SC0003","2092","TANA1","TANA01","8.8","12.3558897","45.432784","TANA01","564.74","10.1","55.84","TANA","false"
"MADO1","Segment MADO1","Segment MADO1","00320SC0018,00320SC0019,00320SC0029,00187SC0006,00187SC0007,00187SC0013","2322","MADO1","MADO01","3.6","12.3300888","45.4384999","MADO01","259.373","4.2","61.35","MADO","false"
"MADO3","Segment MADO3","Segment MADO3","00320SC0021,00320SC0028,00187SC0002,00187SC0009,00187SC0016","2311,2312","MADO3","MADO03","2.0","12.330833","45.4370752","MADO03","719.114","4.7","151.51","MADO","false"
"STIN","Segment STIN","Segment STIN","00102SC0004,00102SC0007,00102SC0012,00102SC0015","2298","STIN","STIN01","8.0","12.3276197","45.4377048","STIN01","933.149","8.4","111.93","STIN","false"
"GALE1","Segment GALE1","Segment GALE1","","2469,2470,2471","GALE1","GALE01","7.6","12.3511009","45.4369595","GALE01","19510.6","55.0",,"GALE","false"
"GALE2","Segment GALE2","Segment GALE2","","2089","GALE2","GALE02","80.0","12.3501901","45.4352453","GALE02","3372.77","39.5",,"GALE","false"
"PRIU1","Segment PRIU1","Segment PRIU1","00003SC0039,00003SC0047,00112SC0004,00112SC0005,00112SC0007,00112SC0011,00112SC0015,00112SC0017","2404","PRIU1","PRIU01","6.0","12.3345391","45.4422731","PRIU01","379.068","7.7","49.22","PRIU","false"
"PRIU3","Segment PRIU3","Segment PRIU3","00003SC0044,00112SC0001,00112SC0006,00112SC0009,00112SC0018","2406","PRIU3","PRIU03","9.8","12.3360761","45.4415646","PRIU03","547.309","11.4","47.83","PRIU","false"
"PRIU2","Segment PRIU2","Segment PRIU2","00003SC0046,00112SC0006,00112SC0008,00112SC0017,00112SC0018","2405","PRIU2","PRIU02","5.8","12.3353004","45.4418828","PRIU02","745.486","8.9","83.69","PRIU","false"
"GIUD12","Segment GIUD12","Segment GIUD12","","",,,,"12.3380539","45.4288139","GIUD12","125625.95","269.82","465.6","GIUD",
"BIAG1","Segment BIAG1","Segment BIAG1","","3006","BIAG1","BIAG01","8.0","12.3201073","45.4275068","BIAG01","1697.65","10.3","165.25","BIAG","false"
"BIAG2","Segment BIAG2","Segment BIAG2","00320SC0001","3007","BIAG2","BIAG02","9.0","12.3191764","45.4258819","BIAG02","2699.43","14.3","188.07","BIAG","false"
"GIUD10","Segment GIUD10","Segment GIUD10","","",,,,"12.3312628","45.4269394","GIUD10","100129.38","322.48","310.5","GIUD",
"CATE3","Segment CATE3","Segment CATE3","00346SC0008,00346SC0010,00189SC0007,00189SC0008,00189SC0010,00189SC0015,00189SC0016","2054","CATE3","CATE03","8.2","12.3382178","45.4426378","CATE03","1656.85","10.9","151.69","CATE","false"
"GIUD11","Segment GIUD11","Segment GIUD11","","",,,,"12.3350347","45.4272948","GIUD11","103698.44","373.28","277.8","GIUD",
"CARM","Segment CARM","Segment CARM","00219SC0003,00219SC0010,00219SC0012,00219SC0015,00219SC0016","2004","CARM","CARM01","11.0","12.3202593","45.4333445","CARM01","1521.33","12.2","124.53","CARM","false"
"CATE1","Segment CATE1","Segment CATE1","00346SC0006,00346SC0011,00189SC0005,00189SC0020","2051","CATE1","CATE01","7.0","12.3357312","45.4433505","CATE01","446.926","8.5","52.61","CATE","false"
"CATE2","Segment CATE2","Segment CATE2","00346SC0010,00346SC0011,00346SC0015,00189SC0006,00189SC0010,00189SC0015,00189SC0020","2052","CATE2","CATE02","8.4","12.3366398","45.4430582","CATE02","985.9","10.6","93.34","CATE","false"
"CROC","Segment CROC","Segment CROC","00003SC0122,00334SC0001","3096,3097","CROC","CROC01","5.2","12.3335266","45.4243411","CROC01","2458.29","9.6","254.98","CROC","false"
"TRTE","Segment TRTE","Segment TRTE","00101SC0003,00101SC0004,00101SC0007,00101SC0017","2428","TRTE","TRTE01","3.8","12.3265744","45.4464056","TRTE01","439.883","5.0","87.41","TRTE","false"
"ERBE","Segment ERBE","Segment ERBE","00102SC0003,00102SC0014","2316","ERBE","ERBE01","3.6","12.3301413","45.4365804","ERBE01","402.163","4.4","91.5","ERBE","false"
"DNUO","Segment DNUO","Segment DNUO","","2472,2473,2474,2475,2478","DNUO","DNUO01","22.1","12.3544217","45.436005","DNUO01","97425.56",,,"DNUO","false"
"MUNE","Segment MUNE","Segment MUNE","00102SC0011,00102SC0018,00102SC0019,00102SC0024","2184,2207,2208,2503","MUNE","MUNE01","3.0","12.3235435","45.4376093","MUNE01","2051.75","5.9","349.59","MUNE","false"
"VIGN","Segment VIGN","Segment VIGN","00003SC0021,00003SC0024,00115SC0004,00115SC0009,00447SC0001,00447SC0007","2161,2162","VIGN","VIGN1,VIGN01","5.8","12.3476179","45.4376624","VIGN01","2421.19","8.5","285.98","VIGN","false"
"GIUD03","Segment GIUD03","Segment GIUD03","","",,,,"12.3190988","45.4297311","GIUD03","38486.45","249.26","154.4","GIUD",
"GIUD04","Segment GIUD04","Segment GIUD04","","",,,,"12.320626","45.4296638","GIUD04","21929.8","279.01","78.6","GIUD",
"GIUD05","Segment GIUD05","Segment GIUD05","","",,,,"12.3225402","45.4289688","GIUD05","71166.51","287.89","247.2","GIUD",
"GIUD06","Segment GIUD06","Segment GIUD06","","",,,,"12.324542","45.4283709","GIUD06","30306.59","315.37","96.1","GIUD",
"GIUD01","Segment GIUD01","Segment GIUD01","00303SC0001,00303SC0002,00303SC0004,00211SC0001,00211SC0002","",,,"5.8","12.3133908","45.4298786","GIUD01","85362.75","272.72","317.68","GIUD","false"
"GIUD02","Segment GIUD02","Segment GIUD02","","",,,,"12.316806","45.4300227","GIUD02","54376.56","257.95","210.8","GIUD",
"SCUD1","Segment SCUD1","Segment SCUD1","00003SC0021,00003SC0024,00003SC0030,00115SC0004,00115SC0005,00115SC0009,00115SC0011,00447SC0007","2173,2467","SCUD1","SCUD01","4.0","12.3481688","45.436214","SCUD01","1842.79","6.2","296.85","SCUD","false"
"SCUD2","Segment SCUD2","Segment SCUD2","00003SC0024,00003SC0030,00115SC0002,00115SC0004,00115SC0005","2468","SCUD2","SCUD02","6.0","12.3483428","45.4350639","SCUD02","424.59","7.3","58.45","SCUD","false"
"GIUD07","Segment GIUD07","Segment GIUD07","","",,,,"12.3262754","45.4279692","GIUD07","59082.01","312.44","189.1","GIUD",
"ASSA01","Segment ASSA01","Segment ASSA01","00303SC0001,00303SC0002,00303SC0004","",,,"6.9",,,,"621.569","7.5","79.64","ASSA","false"
"GIUD08","Segment GIUD08","Segment GIUD08","","",,,,"12.3278602","45.4275237","GIUD08","24513.99","314.28","78.0","GIUD",
"GIUD09","Segment GIUD09","Segment GIUD09","","",,,,"12.3288202","45.4273798","GIUD09","23569.7","314.68","74.9","GIUD",
"TERR01","Segment TERR01","Segment TERR01","00303SC0003","",,,"6.3",,,,"3809.04","8.5","446.35","TERR","false"
"DGIO1","Segment DGIO1","Segment DGIO1","","","DGIO1","DGIO01","15.0","12.344712","45.4297592","DGIO01","10911.78",,,"DGIO","false"
"ASSA02","Segment ASSA02","Segment ASSA02","00303SC0001,00303SC0002,00303SC0004,00303SC0005","",,,"4.8",,,,"1365.79","6.5","215.25","ASSA","false"
"LAVR","Segment LAVR","Segment LAVR","","3101,3102","LAVR","LAVR01","41.2","12.3177978","45.4273196","LAVR01","21310.63","65.7","324.48","LAVR","false"
"MAGA","Segment MAGA","Segment MAGA","","2209","MAGA","MAGA01","6.2","12.3205872","45.4370793","MAGA01","504.431","7.9","63.91","MAGA","false"
"LEPA02","Segment LEPA02","Segment LEPA02","00371SC0001,00371SC0002,00371SC0003,00371SC0004,00371SC0005,00379SC0002","",,,"7.6",,,,"1743.29","8.4","208.62","LEPA","false"
"LEPA03","Segment LEPA03","Segment LEPA03","00371SC0003,00371SC0004,00371SC0005,00371SC0006,00371SC0009","",,,"7.1",,,,"5281.18","10.3","513.33","LEPA","false"
"LEPA01","Segment LEPA01","Segment LEPA01","00371SC0001,00371SC0002,00371SC0003,00371SC0008,00379SC0002","",,,"6.5",,,,"4269.68","9.4","452.15","LEPA","false"
"MIRA","Segment MIRA","Segment MIRA","00103SC0001,00103SC0009,00103SC0026,00103SC0109","2454","MIRA","MIRA01","3.0","12.3390903","45.4394249","MIRA01","608.71","5.1","118.3","MIRA","false"
"BARN1","Segment BARN1","Segment BARN1","00009SC0105,00009SC0106,00107SC0001,00107SC0002","2231,2232","BARN1","BARN01","3.8","12.3256269","45.4333025","BARN01","1397.31","6.9","201.13","BARN","false"
"BARN2","Segment BARN2","Segment BARN2","00009SC0105,00009SC0106,00107SC0001,00107SC0002","2015","BARN2","BARN02","5.6","12.3236662","45.4330803","BARN02","1014.08","7.7","132.18","BARN","false"
"FRAR2","Segment FRAR2","Segment FRAR2","00102SC0015,00102SC0016,00102SC0017","2296","FRAR2","FRAR02","6.7","12.3277539","45.4368254","FRAR02","249.413","7.3","34.27","FRAR","false"
"TORE","Segment TORE","Segment TORE","00320SC0016,00120SC0002","2264,2265,2275","TORE","TORE01","3.2","12.3307543","45.4298699","TORE01","2121.41","5.5","382.48","TORE","false"
"CIMI01","Segment CIMI01","Segment CIMI01","","",,,"4.6",,,,"699.68","7.3","95.3","CIMI","false"
"FRAR1","Segment FRAR1","Segment FRAR1","00102SC0012,00102SC0015,00102SC0016","2296,2297","FRAR1","FRAR01","5.2","12.3272457","45.4372361","FRAR01","746.723","8.5","87.56","FRAR","false"
"PEST2","Segment PEST2","Segment PEST2","00103SC0011,00103SC0012,00103SC0023,00103SC0030,00103SC0032,00103SC0103,00103SC0119","2068","PEST2","PEST02","5.6","12.3405836","45.4379928","PEST02","900.773","7.5","120.64","PEST","false"
"PIET","Segment PIET","Segment PIET","00104SC0007,00104SC0009","2266","PIET","PIET01","5.8","12.3456789","45.4346677","PIET01","2000.5","9.8","204.71","PIET","false"
"MOIS","Segment MOIS","Segment MOIS","00099SC0009,00099SC0010","2285,2288,2289,2290","MOIS","MOIS01","5.2","12.3355499","45.4329206","MOIS01","1759.35","8.7","202.29","MOIS","false"
"PEST1","Segment PEST1","Segment PEST1","00103SC0012,00103SC0023,00103SC0024,00103SC0103,00103SC0104","2062","PEST1","PEST01","7.0","12.3416603","45.4384044","PEST01","763.072","9.6","79.73","PEST","false"
"CINI","Segment CINI","Segment CINI","","3099","CINI","CINI01","37.0","12.3432438","45.4264839","CINI01","7845.26","40.0","196.13","CINI","false"
"SACM","Segment SACM","Segment SACM","00179SC0001","","SACM","SACM01","10.4","12.3352016","45.4447231","SACM01","1781.13","11.3","157.77","SACM","false"
"CDIE01","Segment CDIE01","Segment CDIE01","","",,,"10.8",,,,"937.077","12.7","70.55","CDIE","false"
"MISE6","Segment MISE6","Segment MISE6","00101SC0011,00101SC0014","2039","MISE6","MISE06","6.0","12.3333269","45.4437309","MISE06","1743.2","8.6","201.79","MISE","false"
"MISE5","Segment MISE5","Segment MISE5","00101SC0010,00101SC0014,00101SC0016","2040","MISE5","MISE05","4.6","12.3312","45.4447043","MISE05","1551.11","9.2","168.63","MISE","false"
"SACB1","Segment SACB1","Segment SACB1","","3013","SACB1","SACB01","75.8","12.3117561","45.4276404","SACB01","11671.61","88.3","132.24","SACB","false"
"MISE4","Segment MISE4","Segment MISE4","00101SC0009,00101SC0015,00101SC0016","2041","MISE4","MISE04","10.2","12.330141","45.4450016","MISE04","254.444","11.1","22.9","MISE","false"
"SACB2","Segment SACB2","Segment SACB2","","3014","SACB2","SACB02","32.4","12.3109861","45.4263634","SACB02","16294.5","88.9","183.21","SACB","false"
"MISE3","Segment MISE3","Segment MISE3","00101SC0008,00101SC0012,00101SC0015","2023","MISE3","MISE03","9.0","12.329465","45.4451849","MISE03","784.3","10.6","73.95","MISE","false"
"CORN","Segment CORN","Segment CORN","00108SC0006,00108SC0008,00108SC0010,00108SC0016","2242,2243,2310","CORN","CORN01","3.2","12.3313247","45.4350012","CORN01","766.057","4.6","166.42","CORN","false"
"MISE2","Segment MISE2","Segment MISE2","00101SC0005,00101SC0008,00101SC0012","2430","MISE2","MISE02","11.2","12.3283658","45.4454458","MISE02","1578.05","14.9","105.6","MISE","false"
"MISE1","Segment MISE1","Segment MISE1","00101SC0004,00101SC0005,00101SC0006,00101SC0007,00101SC0017","2429","MISE1","MISE01","17.2","12.3270874","45.445759","MISE01","1796.96","19.4","92.85","MISE","false"
"BEAT02","Segment BEAT02","Segment BEAT02","","",,,"8.6",,,,"3913.28","12.0","326.44","BEAT","false"
"BEAT01","Segment BEAT01","Segment BEAT01","","",,,"8.2",,,,"960.841","10.9","88.32","BEAT","false"
"GAFF","Segment GAFF","Segment GAFF","00144SC0001,00144SC0002,00145SC0001","2102,2103,2216,2217","GAFF","GAFF01","4.6","12.3224993","45.4364302","GAFF01","2659.99","9.9","269.03","GAFF","false"
"VETR01","Segment VETR01","Segment VETR01","00009SC0119","",,,"7.2",,,,"6057.0","11.2","541.93","VETR","false"
"FNUO1","Segment FNUO1","Segment FNUO1","","",,"FNUO01",,"12.3276356","45.4496145","FNUO01","101474.08","165.59","612.8","FNUO",
"CELE","Segment CELE","Segment CELE","00004SC0057","2159,2160","CELE","CELE01","9.7","12.3498719","45.4384503","CELE01","1508.48","12.5","120.54","CELE","false"
"PROC","Segment PROC","Segment PROC","","2502","PROC","PROC01","4.0","12.3377026","45.4344584","PROC01","578.383","5.5","105.21","PROC","false"
"MELO","Segment MELO","Segment MELO","00003SC0075,00003SC0112,00187SC0001,00187SC0002,00187SC0010,00187SC0015","2313,2314","MELO","MELO01","3.0","12.3318262","45.4372576","MELO01","684.245","4.3","157.63","MELO","false"
"TOLE","Segment TOLE","Segment TOLE","00124SC0001","2211,2212,2213,2214","TOLE","TOLE01","6.0","12.3212445","45.4381384","TOLE01","2317.09","8.8","262.43","TOLE","false"
"FNUO3","Segment FNUO3","Segment FNUO3","","",,"FNUO03",,"12.337133","45.4458305","FNUO03","4810.9","106.67","45.1","FNUO",
"TENT2","Segment TENT2","Segment TENT2","00003SC0089,II473SC0004,II473SC0005,II473SC0007,II473SC0016,II473SC0017","2108,2109","TENT2","TENT02","10.4","12.3184532","45.4345102","TENT02","3108.93","12.4","249.8","TENT","false"
"FNUO2","Segment FNUO2","Segment FNUO2","","",,"FNUO02",,"12.334048","45.4474706","FNUO02","59820.97","108.25","552.6","FNUO",
"TENT1","Segment TENT1","Segment TENT1","II473SC0006,II473SC0010,II473SC0014,II473SC0017","2013","TENT1","TENT01","9.0","12.3202964","45.4349325","TENT01","547.733","11.1","49.3","TENT","false"
"FNUO5","Segment FNUO5","Segment FNUO5","","",,"FNUO05",,"12.3399258","45.4438561","FNUO05","2170.01","64.01","33.9","FNUO",
"APOS3","Segment APOS3","Segment APOS3","00189SC0003,00189SC0004,00189SC0019","2178,2368","APOS3","APOS03","3.2","12.3382787","45.4405159","APOS03","1114.02","8.3","133.63","APOS","false"
"FNUO4","Segment FNUO4","Segment FNUO4","","",,"FNUO04",,"12.3383522","45.4448204","FNUO04","23796.47","88.3","269.5","FNUO",
"APOS4","Segment APOS4","Segment APOS4","00189SC0003,00189SC0004","2365,2366,2367","APOS4","APOS04","4.4","12.3366178","45.4400826","APOS04","1288.7","7.9","162.54","APOS","false"
"FNUO7","Segment FNUO7","Segment FNUO7","","",,"FNUO07",,"12.3422743","45.4423944","FNUO07","3470.0","51.87","66.9","FNUO",
"FNUO6","Segment FNUO6","Segment FNUO6","","",,"FNUO06",,"12.3409579","45.4431643","FNUO06","10331.23","53.61","192.7","FNUO",
"FNUO9","Segment FNUO9","Segment FNUO9","","",,"FNUO09",,"12.3483158","45.4394701","FNUO09","13828.23","45.99","300.7","FNUO",
"FNUO8","Segment FNUO8","Segment FNUO8","","",,"FNUO08",,"12.3446037","45.4411184","FNUO08","22859.06","59.36","385.1","FNUO",
"NICL04","Segment NICL04","Segment NICL04","","",,,,"12.3743953","45.4269328","NICL04","358256.01",,,"NICL",
"ALVI","Segment ALVI","Segment ALVI","00320SC0022,00179SC0002,00179SC0005,00179SC0007","2416,2417","ALVI","ALVI01","9.4","12.3271937","45.4475412","ALVI01","7142.44","15.2","468.72","ALVI","false"
"BOTE","Segment BOTE","Segment BOTE","00003SC0094,II473SC0001,II473SC0010,II473SC0012,II473SC0014","2010","BOTE","BOTE01","5.5","12.3209813","45.4354439","BOTE01","502.957","8.3","60.7","BOTE","false"
"APOS2","Segment APOS2","Segment APOS2","00189SC0001,00189SC0002,00189SC0019","2498","APOS2","APOS02","8.0","12.3388648","45.4412185","APOS02","448.932","8.9","50.24","APOS","false"
"APOS1","Segment APOS1","Segment APOS1","00189SC0001,00189SC0002,00189SC0009,00189SC0018","2499","APOS1","APOS01","8.0","12.3389741","45.4416695","APOS01","460.184","9.1","50.57","APOS","false"
"LUCA2","Segment LUCA2","Segment LUCA2","00099SC0003,00099SC0012,00099SC0013","2459","LUCA2","LUCA02","7.4","12.3339354","45.4350362","LUCA02","146.514","8.2","17.91","LUCA","true"
"LUCA1","Segment LUCA1","Segment LUCA1","00099SC0012,00099SC0013","2308,2375,2376","LUCA1","LUCA01","5.6","12.3333881","45.4356903","LUCA01","1259.44","8.2","152.92","LUCA","true"
"TOMA","Segment TOMA","Segment TOMA","00102SC0016,00102SC0017","2293,2294,2295","TOMA","TOMA01","2.6","12.3280733","45.4361025","TOMA01","844.485","5.1","165.25","TOMA","false"
"LUCA3","Segment LUCA3","Segment LUCA3","00099SC0002,00099SC0003,00099SC0012,00099SC0134","2459","LUCA3","LUCA03","6.8","12.3340735","45.4348608","LUCA03","214.486","8.3","25.8","LUCA","true"
"FELI2","Segment FELI2","Segment FELI2","00112SC0005,00112SC0007,00112SC0015","2402,2403","FELI2","FELI02","4.0","12.3336763","45.4417962","FELI02","985.174","6.0","163.26","FELI","false"
"FELI1","Segment FELI1","Segment FELI1","00003SC0039,00003SC0047,00112SC0004,00112SC0007,00112SC0015","2047","FELI1","FELI01","5.4","12.3346379","45.4427659","FELI01","847.321","8.7","97.7","FELI","false"
"PROV1","Segment PROV1","Segment PROV1","00136SC0004,00136SC0005,00136SC0008,00136SC0010,00136SC0011,00136SC0016,00136SC0017","2085","PROV1","PROV01","4.0","12.3437921","45.4356922","PROV01","374.989","5.2","72.14","PROV","false"
"GUER","Segment GUER","Segment GUER","00112SC0006,00112SC0008,00112SC0009,00112SC0016,00112SC0018,00448SC0003,00448SC0004,00448SC0005","2408","GUER","GUER01","2.6","12.3360358","45.4420114","GUER01","313.34","3.8","81.64","GUER","false"
"PROV2","Segment PROV2","Segment PROV2","00136SC0009,00136SC0017,00431SC0003,00431SC0004","2070","PROV2","PROV02","2.0","12.3430866","45.4355537","PROV02","144.248","4.1","35.4","PROV","false"
"GREC","Segment GREC","Segment GREC","00136SC0005,00136SC0008,00136SC0010,00136SC0016","2084","GREC","GREC01","9.8","12.344417","45.434728","GREC01","2687.64","13.0","207.11","GREC","false"
"CANT01","Segment CANT01","Segment CANT01","","",,,"10.4",,,,"859.489","12.4","66.25","CANT","false"
"MEND","Segment MEND","Segment MEND","00180SC0007","2451,2452","MEND","MEND01","5.4","12.3416526","45.4404271","MEND01","5719.63","14.2","402.15","MEND","false"
"LORE2","Segment LORE2","Segment LORE2","00136SC0004,00136SC0008,00136SC0011,00136SC0015,00136SC0016","2083","LORE2","LORE02","8.8","12.344383","45.4365882","LORE02","2430.36","13.2","184.36","LORE","false"
"LORE1","Segment LORE1","Segment LORE1","00136SC0007,00136SC0012,00136SC0015,00136SC0018","2072","LORE1","LORE01","8.6","12.3444136","45.4376839","LORE01","450.401","9.8","45.78","LORE","false"
"GIAR1","Segment GIAR1","Segment GIAR1","","2485","GIAR1","GIAR01","15.8","12.3591791","45.4317018","GIAR01","3280.69","34.4","95.47","GIAR","false"
"GIAR2","Segment GIAR2","Segment GIAR2","","2486","GIAR2","GIAR02","24.4","12.3593311","45.4308891","GIAR02","2020.06","29.4","68.66","GIAR","false"
"MALP4","Segment MALP4","Segment MALP4","00106SC0001","2016","MALP4","MALP04","5.8","12.3228757","45.4319926","MALP04","1148.48","7.7","150.01","MALP","false"
"MALP2","Segment MALP2","Segment MALP2","00106SC0001,00106SC0002,00106SC0003","2222","MALP2","MALP02","6.4","12.3248335","45.4324546","MALP02","415.706","8.3","50.43","MALP","false"
"MALP3","Segment MALP3","Segment MALP3","00106SC0001","2220","MALP3","MALP03","4.8","12.3241682","45.4322848","MALP03","338.72","6.5","52.53","MALP","false"
"CONV","Segment CONV","Segment CONV","00320SC0001,00154SC0002,00154SC0015","3005","CONV","CONV01","10.6","12.3213989","45.4263911","CONV01","3388.46","13.1","258.9","CONV","false"
"MALP1","Segment MALP1","Segment MALP1","00106SC0001,00106SC0002","2229","MALP1","MALP01","5.0","12.3261651","45.432801","MALP01","1025.71","6.7","153.45","MALP","false"
"ANA1","Segment ANA1","Segment ANA1","","2095","ANA1","ANA001","9.8","12.35779","45.4326678","ANA001","854.584","11.5","74.33","ANA","false"
"ANA3","Segment ANA3","Segment ANA3","","2093","ANA3","ANA003","8.0","12.3556905","45.4324908","ANA003","207.095","8.7","23.66","ANA","false"
"ANA2","Segment ANA2","Segment ANA2","","2094","ANA2","ANA002","6.0","12.356622","45.4325355","ANA002","824.193","8.1","101.44","ANA","false"
