"segmentId","1989-01-01","1993-01-01","1995-01-01","1995-01-26","1995-05-08","1995-05-31","1995-06-28","1995-09-08","1995-11-08","1995-12-31","1996-01-01","1996-03-10","1996-04-09","1996-10-16","1997-01-01","1997-02-14","1997-02-20","1997-03-30","1997-04-09","1997-04-14","1997-04-30","1997-05-01","1997-05-22","1997-07-15","1997-07-21","1997-08-26","1997-08-27","1997-09-08","1997-09-30","1997-10-28","1997-10-29","1997-11-06","1997-11-25","1997-11-26","1997-11-27","1997-12-31","1998-01-01","1998-01-06","1998-02-06","1998-02-11","1998-03-12","1998-03-17","1998-03-27","1998-03-31","1998-04-06","1998-04-24","1998-04-30","1998-05-11","1998-05-20","1998-05-31","1998-06-01","1998-06-25","1998-06-30","1998-07-10","1998-07-31","1998-08-06","1998-08-07","1998-09-01","1998-09-03","1998-09-09","1998-09-10","1998-09-21","1998-09-30","1998-10-09","1998-10-11","1998-11-24","1998-12-01","1998-12-31","1999-03-01","1999-03-12","1999-03-13","1999-03-15","1999-03-16","1999-03-17","1999-03-19","1999-03-23","1999-03-24","1999-03-30","1999-03-31","1999-04-04","1999-04-10","1999-04-15","1999-04-17","1999-04-19","1999-04-23","1999-04-26","1999-04-27","1999-04-28","1999-04-29","1999-05-01","1999-05-13","1999-05-24","1999-09-05","1999-10-31","1999-11-02","1999-11-05","1999-11-08","1999-11-10","1999-11-11","1999-12-01","2000-02-02","2000-03-29","2000-03-30","2000-04-10","2000-04-13","2000-05-01","2000-05-02","2000-05-17","2000-06-30","2000-07-25","2000-07-26","2000-07-27","2000-07-28","2000-07-31","2000-08-02","2000-08-03","2000-08-07","2000-09-13","2000-09-14","2000-09-15","2000-09-21","2000-09-22","2000-09-25","2000-09-28","2000-09-29","2000-10-01","2000-10-05","2000-10-16","2000-10-18","2000-10-19","2000-10-20","2000-10-23","2000-10-31","2000-11-10","2000-11-11","2000-11-15","2000-12-01","2000-12-04","2000-12-23","2000-12-31","2001-01-24","2001-02-23","2001-03-05","2001-03-28","2001-03-30","2001-03-31","2001-05-02","2001-05-15","2001-06-04","2001-06-15","2001-06-30","2001-07-01","2001-08-15","2001-09-22","2001-12-06","2001-12-31","2002-02-07","2002-02-25","2002-04-01","2002-06-15","2002-06-30","2002-10-15","2002-12-18","2002-12-31","2003-02-20","2003-03-19","2003-05-23","2003-05-27","2003-05-30","2003-06-30","2003-10-01","2003-10-16","2004-01-01","2004-02-03","2004-02-09","2004-02-10","2004-02-23","2004-02-25","2004-03-20","2004-07-05","2004-10-26","2005-01-01","2005-03-01","2005-03-31","2005-04-27","2006-03-22","2006-03-23","2006-03-24","2006-05-22","2006-06-13","2006-06-14","2006-09-11","2007-02-13","2007-11-08","2008-07-01","2008-12-12","2008-12-18","2012-03-16"
"PANT",,,,,,,,,,,,,,,,,,,"-1.58",,,,,"1.8",,,,,,,,,,,,,,,,,,,,"1.8",,,,,,,,,,,,,,,,,,,,,,,,,,,,,,,,,,,,,,,,,,,,,,,,,,,,,,,,,,,,,,,,,,,,,,,,,,,,,,,,,,,,,,,,,,,,,,,,,,,,,,,,,,,,,,,,,,,,,,,"-1.93",,,,,,,,,,,,,,,,,,,,,"-2.19",,,,,,,,,,,,,,
"MOND3",,,,,,,,,,,,,,,,,,,,,,,,,,,,,,,,,,,,,"-1.8",,,,,,,,,,,,,,,,"1.8",,,,,,,,,,"1.8",,,,,,,,,,,,,,,,,,,,,,,,,,,,,,,,,,,,,,,,,,,,,,,,,,,,,,,,,,,,,,,,,,,,,,,,,,,,,,,"-1.18",,,,,,"1.8",,,,,"-1.48",,,,,,,,,,"-1.89",,,,,,,,,,,,,,,,,,,,"-2.0145",,,,,,,,,,,,,,,
"MOND2",,,,,,,,,,,,,,,,,,,,,,,,,,,,,,,,,,,,,"-1.8",,,,,,,,,,,,,,,,"1.8",,,,,,,,,,,,,,,,,,,,,,,,,,,,,,,,,,,,,,,,,,,,,,,,,,,,,,,,,,,,,,,,,,,,,,,,,,,,,,,,,,,,,,,"1.8",,"-1.3",,,,,,"1.8",,,,,,,,,,,,,,,"-2.08",,,,,,,,,,,,,,,,,,,,"-2.0945",,,,,,,,,,,,,,,
"MOND1",,,,,,,,,,,,,,,,,,,,,,,,,,,,,,,,,,,,,,,,,,,,,,,,,,,,,,,,,,,,,,,,,,,,,,,,,,,,,,"1.8","-1.3",,,,,,,,,,,,,,,,,,,,,,,,,,,,,,,,,,,,,,,,,,,,,,,,,,,,,,,,,,,,,"1.8",,,,,,,,,,,,,,,,,,,,,,,,,,,,,,,,,,,,,,,,,,,"-1.6855",,,,,,,,,,,,,,,
"LUNA",,,,,,,,,,,,,,,"1.8",,,,,,,,,,,,,,,,,,,,,,,,,,,,,,,,,,,,,,,,,,,,,,,,,,,,,,,,,,,,,,,,,,,,,,,,,,,,,,,,,,,,,,,,,,,,,,,,,,,,,,,,,,,,,,,,,,,,,,,,"-1.94",,,,,,,,,,,,,,,,,,,,,,,,,,,,,,"-2.02",,,,,,,,,,,,,,,,,,,,,,,,,,,,,,,,,
"ZULI",,,,,,,,,,,,,,,,,,,,,,,,,,,,,,,,,,,,,"-1.8",,,,,,,,,,,,,,,,,,,,,,,,,,,,,,,,,,,,,,,,,,,,,,,,,,,,,,,,,,,,,,,,,,,,,,,,,,,,,,,,,,,,,,,,,,,,,,,,,,,,,,,,,,,,,,,,,,,,"-1.44",,,,,,"-1.65",,,,,,,,,,,,,,,,,,,,,,,,"-2.1315",,,,,,,,,,,,,,,
"GHET",,,,,,,,,,,,,,,,,,,,,,,,,,,,,,"-1.34",,"1.8",,,,,"1.8",,,,,,,,,"1.8",,"-0.78",,,,,,"1.8",,,,,,,,,,,,,,,,,,,,,,,,,"1.8",,,,,,,,,,,,,,,,,,,,,,,,,,,,,,,,,,,,,,,,,,,,,,,,,,,,,,,,,,,,,,,,,,,,,,,,,,,,,,,,,,,,"-1.87",,,,,,,,,,,,,,,,,,,,,,,,,,,,,,,,,,,
"GESU1",,,,,,,,,,,,,,,,,,,,,,,,,,,,,,,,,,,,,,,,,,,,,,,,,,,,,,,,,,,,,,,,,,,,,,,,,,,,,,,,,,,,"-2.17",,,,,,,,,,,,,,,,,,,,,,,,,,,,,,,,,,,,,,,,,,,,,,,,,,,,,,,,,,,,,,,,,,,,,,,,,,,,,,,"-2.07",,,,,,,,,,,,,,,,,,,,,,,,,,,,,,,,,,,
"FORN2",,,,,,,,,,,,,,,,,,,,,,,,,,,,,,,,,,,,,,,,,,,,,,,,,,,,,,,,,,,,,,,,,,,,,,,,,,,,,,,,,,,,,,,,,,,,,,,,,,,,,,,,,,,,,,,,,,,,"-1.66",,,,,,,,,,,,,,,,,,,,,,,,,,,,,,,,,,,,,,,,,,,,,,,,,,,,,,"-1.75","-1.89",,,,,,,,,,,,,,,"1.8",,,,,,,,,,,,
"GIAR3",,,,,,,,,,,,,,,,,,,,,,,,,,,,,,,,,,,,,"2.2",,,,,,,,,,,,,,,,,,,,,,,,,,,,,,,,,,,,,,,,,,,"-2.01",,,,,,,,,,,,,,,,,,,,,,,,,,,,,,,,,,,,,,,,,,,,,,,,,,,,,,,,,,,,,,,,,,,,,,,,,,,,,,,,,,,,,,,,,,"-2.16",,,,,,,,,,,,,"-2.3615",,,,,,,,"1.8",,,,,,,
"PIER2",,,,,,,,,,,,,,,,,,,,,,,,,,,,,,,,,,,,,,,,,,,,,,,,,,,,,,,,,,,,,,,,,,,,,,,,,,,,,,,,,"-2.57",,,,,,,,,,,,,,,,,,,,,,,,,,,,,,,,,,,,,,,,,,,,,,,,,,,,,,,,,,,,,,,,,,,,,,,,,,,,,,,,,,,,,,,,,"-2.37",,,,,,,,,,,,,"-2.6005",,,,,,,,"1.8",,,,,,,
"FORN1",,,,,,,,,,,,,,,,,,,,,,,,,,,,,,,,,,,,,,,,,,,,,,,,,,,,,,,,,,,,,,,,,,,,,,,,,,,,,,,,,,,,,,,,,,,,,,,,,,,,,,,,,,,,,,,,,,,,"-1.63",,,,,,,,,,,,,,,,,,,,,,,,,,,,,,,,,,,,,,,,,,,,,,,,,,,,,,"-1.81","-2.96",,,,,,,,,,,,,,,"1.8",,,,,,,,,,,,
"PIER3",,,,,,,,,,,,,,,,,,,,,,,,,,,,,,,,,,,,,,,,,,,,,,,,,,,,,,,,,,,,,,,,,,,,,,,,,,,,,,,,,"-2.67",,,,,,,,,,,,,,,,,,,,,,,,,,,,,,,,,,,,,,,,,,,,,,,,,,,,,,,,,,,,,,,,,,,,,,,,,,,,,,,,,,,,,,,,,"-2.12",,,"-2.51",,,,,,,,,,"-2.5005",,,,,,,,"1.8",,,,,,,
"BURC",,,,,,,,,,,,,,,,,,,,,,,,,,,,,,,,,,,,,,,,,,,,,,,,,,,,,,,,,,,,,,,,,,,,,,,,,,,,,,,,,,,,,,,,,,,,,,,,,,,,,,,,,,,,,,"-1.78",,,,,,,,,,,,,,,,,,,,,,,,,,,,,,,,,,,,,,,,,,,,,,,,,,,,,"-1.81",,,,,,,,,,,,,,,,,,,,,,,,,,,,,,,,,,,
"GESU2",,,,,,,,,,,,,,,,,,,,,,,,,,,,,,,,,,,,,,,,,,,,,,,,,,,,,,,,,,,,,,,,,,,,,,,,,,,,,,,,,,,,"-2.16",,,,,,,,,,,,,,,,,,,,,,,,,,,,,,,,,,,,,,,,,,,,,,,,,,,,,,,,,,,,,,,,,,,,,,,,,,,,,,,"-2.1",,,,,,,,,,,,,,,,,,,,,,,,,,,,,,,,,,,
"GRAN40",,,,,,,,,,,,,,,,,,,,,,,,,,,,,,,,,,,,,,,,,,,,,,,,,,,,,,,,,,,,,,,,,,,,,,,,,,,,,,,,,,,,,,,,,,,,,,,,"-4.47",,,,,,,,,,,,,,,,,,,,,,,,,,,,,,,,,,,,,,,,,,,,,,,,,,,,,,,,,,,,,,,,,,,,,,,,,,,"-3.44",,,,,,,,,,,"-4.2",,,,,,,,,,,,,,,,
"GRAN41",,,,,,,,,,,,,,,,,,,,,,,,,,,,,,,,,,,,,,,,,,,,,,,,,,,,,,,,,,,,,,,,,,,,,,,,,,,,,,,,,,,,,,,,,,,,,,,,"-4.73",,,,,,,,,,,,,,,,,,,,,,,,,,,,,,,,,,,,,,,,,,,,,,,,,,,,,,,,,,,,,,,,,,,,,,,,,,,,,,,,,,,,,,"-4.25",,,,,,,,,,,,,,,,
"2FIS",,,,,,,,,,,,,,,,,,,,,,,,,,,,,,,,,,,,,,,,,,,,,,,,,,,,,,,,,,,,,,,,,,,,,,,,,,,,,,,,,,,,,,,,,,,,,,,,,,,,,,,,,,,,,,,,,,,,,,,"1.8",,,,,,,,,,,,,,,,,,,,,,,,,,,,,,,,,,,,,,,,,,,,,,,,,,,,,,,,,,,,,,,"-1.69",,,,,,,,,,,,,,,,
"OGNI3",,,,,,,,,,,,,,,,,,,,,,,,,,,,,,,,,,,,,,,,,,,,,,,,,,,,,,,,,,,,,,,,,,,,,,,,,,,,,,,,,,,,,,,,,,,,,,,,,,,,,,,,,,,,,,,,,,,,,,"-2.11",,,,,,,,,,,,,,,,,,,,,,,,,,,,,,,,,,,,,,,,,,,,,,,,,,,,,,,,,,,"2.0",,,,,,,,,,,,,,,,,,,,,
"ROVI01",,,,,,,,,,,,,,,,,,,,,,,,,,,,,,,,,,,,,,,,,,,,,,,,,,,,,,,,,,,,,,,,,,,,,,,,,,,,,,,,,,,,,,,,,,,,,,,,,,,,,,,,,,,,,,,,,,,,,,,,,,,,,,,,,,,,,,,,,,,,,,,,,,,,,,,,,,,,,,,,,,,,,,,,,,,,"1.8",,,,,,,,,,,,,,,,,,,,,,,"1.8",,,
"SCUO01",,,,,,,,,,,,,,,,,,,,,,,,,,,,,,,,,,,,,,,,,,,,,,,,,,,,,,,,,,,,,,,,,,,,,,,,,,,,,,,,,,,,,,,,,,,,,,,,,,,,,,,,,,,,,,,,,,,,,,,,,,,,,,,,,,,,,,,,,,,,,,,,,,,,,,,,,,,,,,,,,,,,,,,,,,,,"1.8",,,,,,,,,,,,,,,,,,,,,,,"1.8",,,
"SANT",,,,,,,,,,,,,,,,,,,,,,,,,,,,,,,,,,,,,,,,,,,,,,,,,,,,,,,,,,,,,,,,,,,,,,,,,,,,,,,,,,,,,,"-1.89",,,,,,,,,,,,,,,,,,,,,,"1.8",,,,,,,,,,,,,,,,,,,,,,,,,,,,,,,,,,,,"-1.8",,,,,,,,,,,,,,,,,,,,,,,,,"1.8",,,,,,,,,,,,,"-1.47",,,,,,,,,,,,,,,,
"PIER1",,,,,,,,,,,,,,,,,,,,,,,,,,,,,,,,,,,,,,,,,,,,,,,,,,,,,,,,,,,,,,,,,,,,,,,,,,,,,,,,,"-2.52",,,,,,,,,,,,,,,,,,,,,,,,,,,,,,,,,,,,,,,,,,,,,,,,,,,,,,,,,,,,,,,,,,,,,,,,,,,,,,,,,,,,,,,,,"-2.61",,,,,,,,,,,,,"-2.9565",,,,,,,,"1.8",,,,,,,
"CDON01",,,,,,,,,,,,,,,,,,,,,,"1.8",,,,,,,,,,,,,,,,,,,,,,,,,,,,,,,,,,,,,,,,,,,,,,,,,,,,,,,,,,,,,,,,,,,,,,,,,,,,,,,,,,,,,,,,,,,,,,,,,,,,,,,,,,,,,,,,,,,,,,,,,,,,,,,,,,,,,,,,,,,,,,,,,,,,,,,,,,,,,,,,,,,,,,,,,,,,,,,,
"CDON02",,,,,,,,,,,,,,,,,,,,,,"1.8",,,,,,,,,,,,,,,,,,,,,,,,,,,,,,,,,,,,,,,,,,,,,,,,,,,,,,,,,,,,,,,,,,,,,,,,,,,,,,,,,,,,,,,,,,,,,,,,,,,,,,,,,,,,,,,,,,,"1.8",,,,,,,,,,,,,,,,,"1.8",,,,,,,,,,,,,,,,,,,,,,,,,,,,,,,,,,,,,,,,,,,"1.8",
"ZANI",,,,,,,,,,,,,,,,,,,,,,,,,,,,,,,,,,,,,,,,,,,,,,,,,,,,,"1.8",,,,,,,,,,"1.8",,,,,,,,,,,,,,,,,,,,,,,,,,,,,,,,,,,,,,,,,,,,,,,,,,,,,,,,,,,,,,,,,,,,,,,,,,,,,,,,,,,,,"1.8",,,,,,,,,,,,,,,"-1.77",,,,,,,,,,,,,,,,,,,,"-1.6995",,,,,,,,,,,,,,,
"BECA2",,,,,,,,,,,,,,,"1.8",,,,,,,,,,,,,,,,,,,,,,,,,,,,,,,,,,,,,,,,,,,,,,,,,,,,,,,,,,,,,,,,,,,,,,,,,,,,,,,,,,,,,,,,,,,,,,,,,,,,,,,,,,,,,,,,,,,,"-1.14",,,,,,,,,,,,,,,,,,,,,,,,,,,,,,,,"-1.14",,,,,,,,,,,,,,,,,,,,,"-1.162",,,,,,,,,,,,,,
"BECA1",,,,,,,,,,,,,,,"1.8",,,,,,,,,,,,,,,,,,,,,,,,,,,,,,,,,,,,,,,,,,,,,,,,,,,,,,,,,,,,,,,,,,,,,,,,,,,,,,,,,,,,,,,,,,,,,,,,,,,,,,,,,,,,,,,,,,,,"-1.94",,,,,,,,,,,,,,,,,,,,,,,,,,,,,,,,"-1.79",,,,,,,,,,,,,,,,,,,,,"-1.66",,,,,,,,,,,,,,
"AGOS",,,,,,,,,,,,,,,,,,,,,,,,,,,,,,,,,,,,"1.8",,,,,,,,,,,,,,,,,,,,,,,,,,,"1.8",,,,,,,,,,,,,,,,"1.8",,,,,,,,,"-1.89",,,,"1.8",,,,,,,,,,,,,,,,,,,,,,,,,,,,,,,,,,,,,,,,,,,,,,,,,,,,,,,,,,,,,,,,,,,,,,,"-2.11",,,,,,,,,,,,,,,,,,,,,"-2.09",,,,,,,,,,,,,,
"GERO",,,,,,,,,,,,,,,,,,,,,,,,,,,,,,,,,,,,,,,,,,,,,,,,,,,,,,,,,,,,,,,,,,,,,,,,,,,,,,,,,,,,,,,,,,,,,,,,,,,,,,,,,,,,,,,,,,,,,,,,,,,,,,,,,,,"-2.04",,,,,,,,,,,,,,,,,,,,,,,,,,,,,,,,"-2.07",,,,,,,,,,,,,,,,,,,,"-2.1085",,,,,,,,,,,,,,,
"ALBO",,,,,,,,,"-1.79","1.8",,,,"1.8",,,,,,,,,,,,,,,,,,,,,,,,,,,,,,,,,,,,,,,,,,,,,,,,,,,,,,,,,,,,,,,,,,,,,,,,,,,,,,,,,,,,,,,,,,,,,,,,,,,,,,,,,,,,,,,,,,,,,,,,,,,,,,,,,,,,,,,,,,,,,,,,,,,,,,,"-2.21",,,,,,,,,,,,,,,,,,,,,,,,,,,,,,,,,
"DEGO3",,,,,,,,,,,,,,,,,,,,,,,,,,,,,,,,,,,,,,,,,,,,,,,,,,,,,,,,,,,,,,,,,,,,,,,,"-1.34",,,,,,,,,,,,,,,,,,,,,,,,,,,,,,,,,,,,,,,,,,,,,,,,,,,,,,,,,,,,,,,,,,,,,,,,,,,,,,,,,,,,,,,,,,,,,,,,,,,,,,,,,,,,"1.8",,,,"-1.56",,,,,,,,,,,,,,
"DEGO4",,,,,,,,,,,,,,,,,,,,,,,,,,,,,,,,,,,,,,,,,,,,,,,,,,,,,,,,,,,,,,,,,,,,,,,,"-1.97",,,,,,,,,,,,,,,,,,,,,,,,,,,,,,,,,,,,,,,,,,,,,,,,,,,,,,,,,,,,,,,,,,,,,,,,,,,,,,,,,,,,,,,,,,,,,,,,,,,,,,,,,,,,"1.8",,,,"-1.9",,,,,,,,,,,,,,
"DEGO1",,,,,,,,,,,,,,,,,,,,,,,,,,,,,,,,,,,,,,,,,,,,,,,,,,,,,,,,,,,,,,,,,,,,,,,,"-2.24",,,,,,,,,,,,,,,,,,,,,,,,,,,,,,,,,,,,,,,,,,,,,,,,,,,,,,,,,,,,,,,,,,,,,,,,,,,,,,,,,,,,,,,,,,,,,,,,,,,,,,,,,,,,"1.8",,,,"-2.11",,,,,,,,,,,,,,
"DEGO2",,,,,,,,,,,,,,,,,,,,,,,,,,,,,,,,,,,,,,,,,,,,,,,,,,,,,,,,,,,,,,,,,,,,,,,,"-1.45",,,,,,,,,,,,,,,,,,,,,,,,,,,,,,,,,,,,,,,,,,,,,,,,,,,,,,,,,,,,,,,,,,,,,,,,,,,,,,,,,,,,,,,,,,,,,,,,,,,,,,,,,,,,"1.8",,,,"-1.68",,,,,,,,,,,,,,
"GRAN31",,,,,,,,,,,,,,,,,,,,,,,,,,,,,,,,,,,,,,,,,,,,,,,,,,,,,,,,,,,,,,,,,,,,,,,,,,,,,,,,,,,,,,,,,,,,,,,,"-6.04",,,,,,,,,,,,,,,,,,,,,,,,,,,,,,,,,,,,,,,,,,,,,,,,,,,,,,,,,,,,,,,,,,,,,,,,,,,,,,,,,,,,,,"-5.9",,,,,,,,,,,,,,,,
"PANA1",,,,,,,,,,,,,,,,,,,,,,,,,,,,,,,,,,,,,,,,,,,,,,,,,,,,,,,,,,,,,,,,,,,,,,,,,,,,,,,,,,,"-1.7",,,,,,,,,,,,,,,,,,,,,,,,,,,,,,,,,,,,,,,,,,,,,,,,,,,,,,,,,,,,,,,,,,,,,,,,,,,,,,,,"-1.54",,,,,,,,,,,,,,,,,,,,,,,,,,,,,,,,,,,
"GRAN32",,,,,,,,,,,,,,,,,,,,,,,,,,,,,,,,,,,,,,,,,,,,,,,,,,,,,,,,,,,,,,,,,,,,,,,,,,,,,,,,,,,,,,"-1.84",,,,,,,,,,"-5.93",,,,,,,,,,,,,,,,,,,,,,,,,,,,,,,,,,,,,,,,,,,,,,,,"-1.9",,,,,,,,,,,,,,,,,,,,,,,,,,,,,,,,,,,,,,"-4.82",,,,,,,,,,,,,,,,
"ORTO1",,,,,,,,,,,,,,,,,,,,,,,,,,,,,,,,,,,,,,,,,,,,,,,,,,,,,,,,,,,,,,,,,"-1.9",,,,,,,,,,,,,,,,,,,,,,,,,,,,,,,,,,,,,,,,,,,,,,,,,,,,,,,,,,,,,,,,,,,,,,,,,,,"1.8",,,,,,,,,,,,,,,,,,,,,,,"-2.17",,,,,,,,,,,,,,,,,,,,,,,,,,,,,,,,,,,
"PANA3",,,,,,,,,,,,,,,,,,,,,,,,,,,,,,,,,,,,,,,,,,,,,,,,,,,,,,,,,,,,,,,,,,,,,,,,,,,,,,,,,,,"-1.35",,,,,,,,,,,,,,,,,,,,,,,,,,,,,,,,,,,,,,,,,,,,,,,,,,,,,,,,,,,,,,,,,,,,,,,,,,,,,,,,"-1.61",,,,,,,,,,,,,,,,,,,,,,,,,,,,,,,,,,,
"GIRO",,,,,,,,,,,,,,,,,,,,,,,"-1.7",,,,,,,,,"1.8",,,,,,,,,,,,"-1.36","1.8","1.8",,,,,,,,,,"1.8",,,,,,,,,,,,,,,,,,,,,,,,,,,,,,,,,,,,,,,,,,,,,,,,,,,,,,,,,,,,,,,,,,,,,,,,,,,,,,,,,,,,,,,,,,,,,,,,,,,,,,,,,,,"-2.15",,,,,,,,,,,,,,,,,,,,,,,,,,,,,,,,,,,
"GRAN30",,,,,,,,,,,,,,,,,,,,,,,,,,,,,,,,,,,,,,,,,,,,,,,,,,,,,,,,,,,,,,,,,,,,,,,,,,,,,,,,,,,,,,,,,,,,,,,,"-4.93",,,,,,,,,,,,,,,,,,,,,,,,,,,,,,,,,,,,,,,,,,,,,,,,,,,,,,,,,,,,,,,,,,,,,,,,,,,,,,,,,,,,,,"-4.61",,,,,,,,,,,,,,,,
"PANA2",,,,,,,,,,,,,,,,,,,,,,,,,,,,,,,,,,,,,,,,,,,,,,,,,,,,,,,,,,,,,,,,,,,,,,,,,,,,,,,,,,,"-1.41",,,,,,,,,,,,,,,,,,,,,,,,,,,,,,,,,,,,,,,,,,,,,,,,,,,,,,,,,,,,,,,,,,,,,,,,,,,,,,,,"-1.43",,,,,,,,,,,,,,,,,,,,,,,,,,,,,,,,,,,
"ORTO2",,,,,,,,,,,,,,,,,,,,,,,,,,,,,,,,,,,,,,,,,,,,,,,,,,,,,,,,,,,,,,,,,"-1.71",,,,,,,,,,,,,,,,,,,,,,,,,,,,,,,,,,,,,,,,,,,,,,,,,,,,,,,,,,,,,,,,,,,,,,,,,,,"1.8",,,,,,,,,,,,,,,,,,,,,,,"-2.07",,,,,,,,,,,,,,,,,,,,,,,,,,,,,,,,,,,
"ORTO3",,,,,,,,,,,,,,,,,,,,,,,,,,,,,,,,,,,,,,,,,,,,,,,,,,,,,,,,,,,,,,,,,"-1.75",,,,,,,,,,,,,,,,,,,,,,,,,,,,,,,,,,,,,,,,,"-3.8",,,"1.8",,,,,,,,,,,,,,,,,"-3.8",,,,,,,,,,,,,,"1.8",,,,,,,,,,,,,,,,,,,,,,,"-1.84",,,,,,,,,,,,,,,,,,,,,,,,,,,,,,,,,,,
"GRAN39",,,,,,,,,,,,,,,,,,,,,,,,,,,,,,,,,,,,,,,,,,,,,,,,,,,,,,,,,,,,,,,,,,,,,,,,,,,,,,,,,,,,,,,,,,,,,,,,"-4.7",,,,,,,,,,,,,,,,,,,,,,,,,,,,,,,,,,,,,,,,,,,,,,,,,,,,,,,,,,,,,,,,,,,,,,,,,,,"-3.53",,,,,,,,,,,"-3.86",,,,,,,,,,,,,,,,
"VERO2",,,,,,,"-0.94",,,"1.8",,"1.8",,,,,,,,,,,,,,,,,,,,,,,"1.8",,,,,,,,,,,,,,,,,,,,,,,,,,,,,,,,,,,,,,,,,,,,,,,,,,,,,,,,,,,,,,,,,,,,,,,,,,,,,,,,,,,,,,,,,,,,,,,,,,,,,,,,,,,,,,,,,,,,,,,,,,,,,,,,,,"-1.36",,,,,,,,,,,,,,,,,,,,,,,,,,,,,,,,,
"GRAN37",,,,,"-1.35",,,,,,,,,,,,,,,,,,,,,,,,,,,,,,,,,,,,,,,,,,,,,,,,,,,,,"-1.53",,,,,,,,,,,,,,,,,,,,,,,,,,,,,,,,,,,,,,"-4.67",,,,,,,,,,,,,,,,,,,,,,,,,,,,,,,,,,,,,,,,,,,,,,,,,,,,,,,,,,,,,,,,,,,,,,,,,,,"-2.7",,,,,,,,,,,"-4.74",,,,,,,,,,,,,,,,
"VERO1",,,,,,"1.8","-1.25",,,,,"1.8",,,,,,,,,,,,,,,,,,,,,,,"1.8",,,,,,,,,,,,,,,"1.8",,,,,,,,,,,,,,,,,,,,,,,,,,,,,,,,,,,,,,,,,,,,,,,,,,,,,,,,,,,,,,,,,,,,,,,,,,,,,,,,,,,,,,,,,,,,,,,,,,,,,,,,,,,,,,,,,,,"-1.76",,,,,,,,,,,,,,,,,,,,,,,,,,,,,,,,,
"LIO",,,,,,,,,,,,,,,,,,,,,,,,,,,,,,,,,,,,"1.8",,,,,,,,"1.8",,,,,,,,,,,,,,,,,,,"1.8",,,,,,,,,,,,,,,,,,,,,,,,,,,,,,,,,,,,,,,,,,,,,,,,,,,,,,,,,,,,,,,,,,,,,,,,,,,,,,,,,,,,,,,,,,,,,,,,,,,,"-1.96",,,,,,,,,,,,,,,,,,,,"-1.9565",,,,,,,,,,,,,,,
"GRAN38",,,,,"-1.41",,,,,,,,,,,,,,,,,,,,,,,,,,,,,,,,,,,,,,,,,,,,,,,,,,,,,,,,,,,,,,,,,,,,,,,,,,,,,,,,,,,,,,,,,,,"-5.2",,,,,,,,,,,,,,,,,,,,,,,,,,,,,,,,,,,,,,,,,,,,,,,,,,,,,,,,,,,,,,,,,,,,,,,,,,,"-2.36",,,,,,,,,,,"-5.0",,,,,,,,,,,,,,,,
"SERV1",,,,,,,,,,,,,,,,,,,,,,,,,,,"-0.12",,,,,,,,,,,,,,,,,,,,,,,,,,,,,,,,,,,,,,,,,,,,,,"-1.88",,,,,,,,,,,,,,,,,,,,,,,,,,,,,,,,,,,,,,,,,,,,,,,,,,,,,,,,,,,,,,,,,,,,,,,,,,,,,,,,,,,,,,,,,,"-2.01",,,,,,,,,,,,,,,,,,,,,,,,,,,,,,,,,,,
"SERV2",,,,,,,,,,,,,,,,,,,,,,,,,,,,,,,,,,,,,,,,,,,,,,,,,,,,,,,,,,,,,,,,,,,,,,,,,"-1.6",,,,,,,,,,,,,,,,,,,,,,,,,,,,,,,,,,,,,,,,,,,,,,,,,,,,,,,,,,,,,,,,,,,,,,,,,,,,,,,,,,,,,,,,,,"-1.55",,,,,,,,,,,,,,,,,,,,,,,,,,,,,,,,,,,
"GRAN35",,,,,,,,,,,,,,,,,,,,,,,,,,,,,,,,,,,,,,,,,,,,,,,,,,,,,,,,,,,,,,,,,,,,,,,,,,,,,,,,,,,,,,"-1.47",,,,,,,,,,"-5.54",,,,,,,,,,,,,,,,,,,,,,,,,,,,,"-1.8",,,,,,,,,,,,,,,,,,,"-1.8",,,,,,,,,,,,,,,,,,,,,,,,,,,,,,,,,,,,,,"-5.02",,,,,,,,,,"2.0",,,,,,
"GRAN36",,,,,,,,,,,,,,,,,,,,,,,,,,,,,,,,,,,,,,,,,,,,,,,,,,,,,,,,,,"-1.46",,,,,,,,,,,,,,,,,,,,,,,,,,,,"-1.47",,,,,,,,,,"-4.84",,,,,,,,,,,,,,,,,,,,,,,,,,,,,,,,,,,,,,,,,,,,,,,,"-1.8",,,,,,,,,,,,,,,,,,,,,,,,,,,,,,,,,,,,,,"-4.68",,,,,,,,,,"1.8",,,,,,
"GRAN33",,,,,,,,,,,,,,,,,,,,,,,,,,,,,,,,,,,,,,,,,,,,,,,,,,,,,,,,,,,,,,,,,,,,,,,,,,,,,,,,,,,,,,,,,,,,,,,,"-5.51",,,,,,,,,,,,,,,,,,,,,,,,,,,,,,,,,,,,,,,,,,,,,,,,,,,,,,,,,,,,,,,,,,,,,,,,,,,,,,,,,,,,,,"-4.99",,,,,,"1.8",,,,,,,,,,
"MUTI",,,,,,,,,,,,,,,,,,,,,,,,,,,,,,,,,,,,,"1.8",,,,,,,,,,,,,,,,,,,,,,,,,,,,,,,,,,,,,,,,,,,,,,,,,,,,,,,,,,,,,,,,,,,,,,,,,,,,,,,,,,,,,,,,,,,,,,,,,,,,,,,,,,,,,,,,,,,,,,,,,,,,,,"-1.79",,,,,,,,,,,,,,,,,,,,,,,,,,,,,,,,,,,
"GRAN34",,,,,,,,,,,,,,,,,,,,,,,,,,,,,,,,,,,,,,,,,,,,,,,,,,,,,,,,,,,,,,,,,,,,,,,,,,,,,,,,,,,,,,,,,,,,,,,,"-5.71",,,,,,,,,,,,,,,,,,,,,,,,,,,,,,,,,,,,,,,,,,,,,,,,,,,,,,,,,,,,,,,,,,,,,,,,,,,,,,,,,,,,,,"-5.34",,,,,,,,,,,,,,,,
"GARZ",,,,,,,,,,,,,,,,,,,,,,,,,,,,,,,,,,,,,"1.8",,,,,,,,,,,,,,,,,,,,,,,,,,,,,,,,,,,,,,,,,,,,,,,,,"-2.08",,,,,,,,,,,,,,,,,,,,,,,,,,,,,,,,,,,,,,,,,,,,,,,,,,,,,,"1.8",,,,,,,,"1.8",,,,,,,,,,,,,,,,"-1.8","-2.0",,,,"1.8",,,,,,,,,,,,,"-1.87",,,,,,,,,,,,,,,,
"PALA",,,,,,,,,,,,,,,,,,,,,,,,,,,,,,,,,,,,,,,,,,,,,,,,,,,,,,,,,,,,,,,,,,,,,,,,,,,,,,,,,,,,,,,,"-2.0",,,,,,,,,,,,,,,,,,,,,,,,,,,,,,,,,,,,,,,,,,,,,,,,,,,,,,,,,,,,,,,,,,,,,,,,,,,,,,,,,,,,,,,,,,,,,,,,,,,,,,,,,"1.8",,,,,
"MORT",,,,,,,,,,,,,,,,,,,,,,,,,,,,,,,,,,,,,"1.8",,,,,,,,,,,,,,,,,,,,,"-1.68",,,,,,,,,,,,,,,,,,,,,,,,,,,,,,,,,,,,,,,,,,,,,,,,,,,,,,,,,,,,,,,,"1.8",,,,,,,,,,,,,,,,,,,,,,,,,,,,,,,,,,,,,,,,,,,,,,,,,,,,,,,,,,,,,,,,,,,,,,,"1.8",,,,,
"SALU1",,,,,,,,,,,,,,,,,,,,,,,,,,,,,,,,,,,,,,,,,,,,,,,,,,,,,,,,,,,,,,,,,,,,,,,,,,,,,,,,,,,,,,,,,,,,,,,,,,,,,,,,,,,,,,,,,,,,,"-1.95",,,,,,,,,,,,,,,,,,,,,,,,,,,,,,,,,,,,,,,,,,,,,,,,,,,,,"-1.95","-3.87",,,,,,,,,,,,,,,,,,,,,,,,,,,
"SALU2",,,,,,,,,,,,,,,,,,,,,,,,,,,,,,,,,,,,,,,,,,,,,,,,,,,,,,,,,,,,,,,,,,,,,,,,,,,,,,,,,,,,,,,,,,,,,,,,,,,,,,,,,,,,,,,,,,,,,"-1.64",,,,,,,,,,,,,,,,,,,,,,,,,,,,,,,,,,,,,,,,,,,,,,,,,,,,,"-1.84","-1.99",,,,,,,,,,,,,,,,,,,,,,,,,,,
"CAZZ",,,,,,,,,,,,,,,,,,,,,,,,,,,,,,,,,,,,,,,,,,,,,,,,,,,,,,,,,,,,,,,,,,,,,,,,,,,,,,,,,,,,,,,,,,,,,,,,,,,,,,,,,,,,,"1.8",,,,,,,,,,,,,,,,,,,,,,,,,,,,,,,"1.8",,,,,,,,,,,,,,,,,,,,,,,"-1.67",,,,,,,,,,,,,,,,,,,,,,,,,,,,,,,,,,,
"ANTO",,,,,,,,,,,,,,,,,,,,,,,,,,,,,,,,,,,,,,,,,,,,,,,,,,,,,,,,,,,,,,,,,,,,,,,,,,,,,,,,,,,,,,,,,,,,,,,,,,,,,,,,,,,,,,,,,,,,,,,,,,,,,,,,,,,,,,,,,,,,,,,,,,,,"2.0",,,,,,,,,,"-2.95",,,,,,,,,,,,,,,,,,,,,,,,,"-2.6645",,,,,,,,,,,,,,,
"VEST1",,,,,,,,"-1.51",,"1.8",,"1.8",,,,,,,,,,,,,,,,,,,,,,,"1.8",,,,,,,,,,,,,,,,,,,,,,,,,,,,,,,,,,,,,,,,,,,,,,,,,,,,,,,,,,,,,,,,,,,,,,,,,,,,,,,,,,,,,,,,,,,,,,,,,,,,,,,,,,,,,,,,,,,,,,,,,,,,,,,,,,"-1.82",,,,,,,,,,,,,,,,,,,,,,,,,,,,,,,,,
"PPIC3",,,,,,,,,,,,,,,,,,,,,,,,,,,,,,,,,,,,,"1.8",,,,,,,,,,,,,,,,,,,,,"-0.52",,,,,,,,,,,,,,,,,,,,,,,,,,,,,,,,,,,,,,,,,,,,,,,,,,,,,,,,,,,,,,,,,,,,,,,,,,,,,,,,,,,,,,,,,,,,,,,,,,,,,,,,,,,,,,,,,,,,,,,,,,,,,,,,,,,,,,,"1.8",,,,,
"REAL",,,,,,,,,,,,,,,"1.8",,,,,,,,,,,,,,,,,,,,,,,,,,,,,,,,,,,,,,,,,,,,,,,,,,,,,,,,,,,,,,,,,,,,,,,,,,,,,,,,,,,,,,,,,,,,,,,,,,,,,,,,,,,,,,,,,,,,,,,,,"-1.57",,,,,,,,,,,,,,,,,,,,,,,,,,,,,"-1.74",,,,,,,,,,,,,,,,,,,,,,,,,,,,,,,,,
"PPIC2",,,,,,,,,,,,,,,,,,,,,,,,,,,,,,,,,,,,,"1.8",,,,,,,,,,,,,,,,,,,,,,,,,,,,,,,,,,,,,,,,,,,,,,,,,,,"-1.18",,,,,,,,,,,,,,,,,,,,,,,,,,,,,,,,,,,,,,,,,,,,,,,,,,,,,,,,,,,,,,,,,,,,,,,,,,,,,,,,,,,,,,,,,,,,,,,,,,,,,,,,,"1.8",,,,,
"GRAN20",,,,,,,,,,,,,,,,,,,,,,,,,,,,,,,,,,,,,,,,,,,,,,,,,,,,,,,,,,,,,,,,,,,,,,,,,,,,,,,,,,,,,,,,,,,,,,,,,,"-4.37",,,,,,,,,,,,,,,,,,,,,,,,,,,,,,,,,,,,,,,,,,,,,,,,,,,,,,,,,,,,,,,,,,,,,,,,,,,,,,,,,,,,"-4.11",,"-1.413",,,,,,,,,,,,,,
"ISEP1",,,,,,,,,,,,,,,,,,,,,,,,,,,,,,,,,,,,,,,,,,,,,,,,,,,,,,,,,,,,,,,,,,,,,,,,,,,,,,,,"-0.69",,,,,,,,,,,,,,,,,,,,,,,,,,,,,,,,,,,,,,,,,,,,,,,,,,,"-1.54",,,,,,,,,,,,,,,,,,,,,,,,,,,,,,,,"-1.44",,,,,,,,,,,,,,,,,,,,"-1.7235",,,,,,,,,,,,,,,
"VEST3",,,,,,,,,,"1.8",,,"-1.5","1.8",,,,,,"1.8",,,,,,,,,,,,,,,,,,,,,,,,,,,,,,,,,,,,,,,,,,,,,,,,,,,,,,,,,,,,,,,,,,,,,,,,,,,,,,,,,,,,,,,,,,,,,,,,,,,,,,,,,,,,,,,,,,,,,,,,,,,,,,,,,,,,,,,,,,,,,,,,,"-1.73",,,,,,,,,,,,,,,,,,,,,,,,,,,,,,,,,
"GRAN21",,,,,,,,,,,,,,,,,,,,,,,,,,,,,,,,,,,,,,,,,,,,,,,,,,,,,,,,,,,,,,,,,,,,,,,,,,,,,,,,,,,,,,,,,,,,,"-1.49",,,,,"-4.08",,,,,,,,,,,,,,,,,,,,,,,,,,,,,,,,,,,,,,,,,,,,,,,,,,,,,,,,,,,,,,,,,,,,,,,,,,,,,,,,,,,,"-3.79",,"-1.485",,,,,,,,,,,,,,
"ISEP2",,,,,,,,,,,,,,,,,,,,,,,,,,,,,,,,,,,,,,,,,,,,,,,,,,,,,,,,,,,,,,,,,,,,,,,,,,,,,,,,,,,,,,,,,,,,,,,,,,,,,,,,,,,,,,,,,,,,,,,,,,,,,,,,,,,"-2.44",,,,,,,,,,,,,,,,,,,,,,,,,,,,,,,,"-2.05",,,,,,,,,,,,,,,,,,,,"-3.1445",,,,,,,,,,,,,,,
"VEST2",,,,,,,,"-1.83",,"1.8",,,,"1.8",,,,,,,,,,,,,,,,,,,,,,,,,,,,,,,,,,,,,,,,,,,,,,,,,,,,,,,,,,,,,,,,,,,,,,,,,,,,,,,,,,,,,,,,,,,,,,,,,,,,,,,,,,,,,,,,,,,,,,,,,,,,,,,,,,,,,,,,,,,,,,,,,,,,,,,"-1.82",,,,,,,,,,,,,,,,,,,,,,,,,,,,,,,,,
"POLO1",,,,,,,,,,,,,,,,,,,,,,,,,,,,,,,,,,"-1.69",,"1.8",,,,,,,,,,,,,,,,,"1.8",,,,,,,,,,,,,,,,,,,,,,,,,,,,,,,,,,,,,,,"1.8",,"1.8",,,,,,,,,,,,,,,,,,,,,,,,,,,,,,,,,,,,,,,,,,,,,,,,,,,,,,,,,,,,,,,,,,,,,"-1.95",,,,,,,,,,,,,,,,,,,,,"-1.94",,,,,,,,,,,,,,
"BOLD2",,,,,,,,,,,,,,,,,,,,,,,,,,,,,,,,,,,,,,,,,,,,,,,,,,,,,,,,,,,,,,,,,,,,,,,,,,,,,,,,,,,,,,,,,,,,,,,,,,,,,,,,,,,,,,,,,,,,,,,,,,,,,,,,,"-1.09",,,,,,,,,,,,,,,,,,,,,,,,,,,,,,,,,,,,,,,,,,,,,,,"1.8",,,,,,,,"-1.382",,,,,,,,,,,,,,
"MAGG3",,,,,,,,,,,,,,,,,,,,,,,,,,,,,,,,,,,,,,,,,,,,,,,,,,,,,,,,,,,,"-1.36",,,,,,,,,,,,,,,,,"-1.36",,,,,,,,,,,,,,,,,,,,,,,,,,,,,,,,,,,,,,,,,,,,,,,,,,,,,,,,,,,,,,,"1.8",,,,,,,,,,,,,,,,,,,,,,,"-2.12",,,,,,,,,,,,,,,,,,,,,,,,,,,,,,,,,,,
"BOLD1",,,,,,,,,,,,,,,,,,,,,,,,,,,,,,,,,,,,,,,,,,,,,,,,,,,,,,,,,,,,,,,,,,,,,,,,"-1.29",,,,,,,,,,,,,,,,,,,,,,,,,,,,,,,,,,,,,,,,,,,,,,,,,,,,,,,,,,,,,,,,,,,,,,,,,,,,,,,,,,,,,,,,,,,,,,,,,,,,,,,,"1.8",,,,,,,,"-1.574",,,,,,,,,,,,,,
"MAGG2",,,,,,,,,,,,,,,,,,,,,,,,,,,,,,,,,,,,,,,,,,,,,,,,,,,,,,,,,,,,"-1.37",,,,,,,,,,,,,,,,,,,,,,,,,,,,,,,,,,,,,,,,,,,,,,,,,"1.8",,,,,,,,,,,,,,,,,,,,,,,,,,,,,,,"1.8",,,,,,,,,,,,,,,,,,,,,,,"-1.51",,,,,,,,,,,,,,,,,,,,,,,,,,,,,,,,,,,
"MAGG1",,,,,,,,,,,,,,,,,,,,,,,,,,,,,,,,,,,,,,,,,,,,,,,,,,,,,,,,,,,,"-2.25",,,,,,,,,,,,,,,,,,,,,,,,,,,,,,,,,,,,,,,,,,,,,,,,,"1.8",,,,,,,,,,,,,,,,,,,,,,,,,,,,,,,"1.8",,,,,,,,,,,,,,,,,,,,,,,"-1.61",,,,,,,,,,,,,,,,,,,,,,,,,,,,,,,,,,,
"BOLD3",,,,,,,,,,,,,,,,,,,,,,,,,,,,,,,,,,,,,,,,,,,,,,,,,,,,,,,,,,,,,,"-0.93",,,,,,,,,,,,,,,,,,,,,,,,,,,,,,,,,,,,,,,,,,,,,,,,,,,,,,,,,,,,,,,,,,,,,,,,,,,,,,"1.8",,,,,,,,,,,,,,,,,,,,,,,,,,,,,,,,,,,,"1.8",,,,,,,,"-1.924",,,,,,,,,,"1.8",,,,
"GRAN26",,,,,,,,,,,,,,,,,,,,,,,,,,,,,,,,,,,,,,,,"-1.0",,,,,,,,,,,,,,,,,,,,,,,,,,,,,,,,,,,,,,,,,,,,,,,,,,,,,,,,,,"-5.22",,,,,,,,,,,,,,,,,,,,,,,,,,,,,,,,,,,,,,,,,,,,,,,,,,,,,,,,,,,,,,,,,,,,,,,,,,,,,,,,,,,,"-4.95",,,,,,,,,,,,,,,,
"GRAN27",,,,,,,,,,,,,,,,,,,,,,,,,,,,,,,,,,,,,,,,,,,,,,,,,,,,,,,,,,,,,,,,,,,,,,,,,,,,,,,,,,,,,,,,,,,,,,,,"-6.92",,"-6.29",,,,,,,,,,,,,,,,,,,,,,,,,,,,,,,,,,,,,,,,,,,,,,,,,,,,,,,,,,,,,,,,,,,,,,,,"-6.33",,,,,,,,,,,,"-6.64",,,,,,,,,,,,,,,,
"GRAN28",,,,,,,,,,,,,,,,,,,,,,,,,,,,,,,,,,,,,,,,,,,,,,,,,,,,,,,,,,,,,,,,,,,,,,,,,,,,,,,,,,,,,,,,,,,,,,,,"-7.05",,,,,,,,,,,,,,,,,,,,,,,,,,,,,,,,,,,,,,,,,,,,,,,,,,,,,,,,,,,,,,,,,,,,,,,,,,"-4.62",,,,,,,,,,,,"-6.8",,,,,,,,,,,,,,,,
"GRAN29",,,,,,,,,,,,,,,,,,,,,,,,,,,,,,,,,,,,,,,,,,,,,,,,,,,,,,,,,,,,,,,,,,,,,,,,,,,,,,,,,,,,,,,,,,,,,,,,"-4.71",,,,,,,,,,,,,,,,,,,,,,,,,,,,,,,,,,,,,,,,,,,,,,,,,,,,,,,,,,,,,,,,,,,,,,,,,,,,,,,,,,,,,,"-4.45",,,,,,,,,,,,,,,,
"GRAN22",,,,,,,,,,,,,,,,,,,,,,,,,,,,,,,,,,,,,,,,,,,,,,,,,,,,,,,,,,,,,,,,,,,,,,,,,,,,,,,,,,,,,,,,,,,,,"-1.51",,,,,"-4.36",,,,,,,,,,,,,,,,,,,,,,,,,,,,,,,,,,,,,,,,,,,,,,,,,,,,,,,,,,,,,,,,,,,,,,,,,,,,,,,,,,,,"-3.91",,,,,,,,,,,,,,,,
"SEVE2",,,,,,,,,,,,,,,,,,,,,,,,,,,,,,,,,,,,,,,,,,,,,,,,,,,,,"1.8",,,,,,,,,,"1.8",,,,,,,,,,,,,,,"1.8",,,,,,,,,,,,,,,,,,,,,,,,,,,,,,,,,,,,,,,,,,,,,,,,,,,,,,,,,,,,,,,,,,,,,,,,,,,,,,,,,,,,,,,,,,,,,,,,,,,,,,,,,"-2.0465",,,,,,,,,,,,,,,
"GRAN23",,,,,,,,,,,,,,,,,,,,,,,,,,,,,,,,,,,,,,,,,,,,,,,,,,,,,,,,,,,,,,,,,,,,,,,,,,,,,,,,,,,,,,,,,,,,,,,,,,"-4.57",,,,,,,,,,,,,,,,,,,,,,,,,,,,,,,,,,,,,,,,,,,,,,,,,,,,,,,,,,,,,,,,,,,,,,,,,,,,,,,,,,,,"-4.14",,"-2.217",,,,,,,,,,,,,,
"SEVE1",,,,,,,,,,,,,,,,,,,,,,,,,,,,,"1.8",,,,,,,,,,,,,,,,,,,,,,,,"1.8",,,,,,,,,,"-1.45",,,,,,,,,,,,,,,"1.8","1.8",,,,,,,,,,,,,,,,,,,,,,,,,,,,,,,,,,,,,,,,,,,,,,,,,,,,,,,,,,,,,,,,,,,,,,,,,,,,,,,,,,,,"-2.34",,,,,,,,,,,,,,,,,,,,"-1.9255",,,,,,,,,,,,,,,
"MORO",,,,,,,,,,,,,,,,,"-1.82",,,,,,,,,,,,,,,,,,,,,,,,,,,,"1.8",,,,,,,,,,,"1.8",,,,,,,,,,,,,,,,,,,,,,,,,,,,,,,,,,,,,,,,,,,,,,,,,,,,,,,,,,,,,,,,,,,,,,,,,,,,,,,,,,,,,,,,,,,,,,,,,,,,,,,,,,,"-2.65",,,,,,,,,,,,,,,,,,,,,,,,,,,,,,,,,,,
"GRAN24",,,,,,,,,,,,,,,,,,,,,,,,,,,,,,,,,,,,,,,,,,,,,,,,,,,,,,,,,,,,,,,,,,,,,,,,,,,,,,,,,,,,,,,,,,,,,,,,,,"-4.2",,,,,,,,,,,,,,,,,,,,,,,,,,,,,,,,,,,,,,,,,,,,,,,,,,,,,,,,,,,,,,,,,,,,,,,,,,,,,,,,,,,,"-3.88",,"-1.312",,,,,,,,,,,,,,
"PPIC1",,,,,,,,,,,,,,,,,,,,,,,,,,,,,,,,,,,,,"1.8",,,,,,,,,,,,,,,,,,,,,,,,,,,,,,,,,,,,,,,,,,,,,,,,,,,,,,,,,,,,,,,,,,,,,,,,,,,,,,,,,,,,,,,,,,,,,,,,,,,,,,,,,,,,,,,,,,,,,,,,,,,,,,,,,,,,,,,,,,,,,,,,,,,,,,,,,,,,"1.8",,,,,
"GRAN25",,,,,,,,,,,,,,,,,,,,,,,,,,,,,,,,,,,,,,,,"-1.1",,,,,,,,,,,,,,,,,,,,,,,,,,,,,,,,,,,,,,,,,,,,,,,,,,,,,,,,,,"-4.64",,,,,,,,,,,,,,,,,,,,,,,,,,,,,,,,,,,,,,,,,,,,,,,,,,,,,,,,,,,,,,,,,,,,,,,,,,,,,,,,,,,,"-3.81",,,,,,,,,,,,,,,,
"ARZE1",,,,,,,,,,,,,,,,,,,,,,,,,,,,,,,,,,,,,,,,,,,,,,,,,,,,,,,,,,,,,,,,,,,,,,,,,,,,,"-2.03",,,,,,,,,,,,,,,,,,,,,,,,,,,,,,,,,,,,,,,,,,,,,,,,,,,,,,,,,,,,,,,,,,,,,,,,,,,,,,,,,,,,,,,,,,,"-2.03",,,,,,,,,,,,,,,,,,,,,,,,,,,,,,
"ARZE2",,,,,,,,,,,,,,,,,,,,,,,,,,,,,,,,,,,,,,,,,,,,,,,,,,,,,,,,,,,,,,,,,,,,,,,,,,,,,"-2.09",,,,,,,,,,,,,,,,,,,,,,,,,,,,,,,,,,,,,,,,,,,,,,,,,,,,,,,,,,,,,,,,,,,,,,,,,,,,,,,,,,,,,,,,,,,"-1.83",,,,,,,,,,,,,,,,,,,,,,,,,,,,,,
"ARZE3",,,,,,,,,,,,,,,,,,,,,,,,,,,,,,,,,,,,,,,,,,,,,,,,,,,,,,,,,,,,,,,,,,,,,,,,,,,,,"-2.31",,,,,,,,,,,,,,,,,,,,,,,,,,,,,,,,,,,,,,,,,,,,,,,,,,,,,,,,,,,,,,,,,,,,,,,,,,,,,,,,,,,,,,"-1.97",,,,,"-2.33",,,,,,,,,,,,,,,,,,,,,,,,,,,,,,
"GORN",,,,,,,,,,,,,,,,,,,,,,,,,,,,,,,,,,,,,,,,,,,,,,,,,,,,,,,,,,,,,,,,,,,,,,,,,,,,,,,"-2.0",,,,,,,,,,,,,,,,,,,,,,,,,,,,,,,,,,,,,,,,,,,,,,,,,,,,,,,,,,,,,,,,,,,,,,,,,,,,,,,,,,,,"-1.83",,,,,,,,,,,,,,,,,,,,"-1.8675",,,,,,,,,,,,,,,
"GRAN19",,,,,,,,,,,,,,,,,,,,,,,,,,,,,,,,,,,,,,,,,,,,,,,,,,,,,,,,,,,,,,,,,,,,,,,,,,,,,,,,,,,,,,,,,,,,,,,,,,"-4.68",,,,,,,,,,,,,,,,,,,,,,,,,,,,,,,,,,,,,,,,,,,,,,,,,,,,,,,,,,,,,,,,,,,,,,,,,,,,,,,,,,,,"-4.47",,"-4.3",,,,,,,,,,,,,,
"FOSC1",,,,,,,,,,,,,,,,,,,,,,,,,,,,,,,,,,,,,,,,,,,,,,,,,,,,,,,,,,,,,,,,,,,,,,,,,"-1.63",,,,,,,,,,,,,,,,,,,,,,,,,,,,,,,,,,,,,,,,,,,,,,,,,,,,,,,,,,,,,,,,,,,,,,,,,,,,,,,,,,,,,,,,,,"-1.71",,,,,,,,,,,,,,,,,,,,,,,,,,,,,,,,,,,
"FOSC2",,,,,,,,,,,,,,,,,,,,,,,,,,,,,,,,,,,,,,,,,,,,,,,,,,,,,,,,,,,,,,,,,,,,,,,,,"-2.08",,,,,,,,,,,,,,,,,,,,,,,,,,,,,,,,,,,,,,,,,,,,,,,,,,,,,,,,,,,,,,,,,,,,,,,,,,,,,,,,,,,,,,,,,,"-2.11",,,,,,,,,,,,,,,,,,,,,,,,,,,,,,,,,,,
"ARZE4",,,,,,,,,,,,,,,,,,,,,,,,,,,,,,,,,,,,,,,,,,,,,,,,,,,,,,,,,,,,,,,,,,,,,,,,,,,,,"-2.25",,,,,,,,,,,,,,,,,,,,,,,"1.8",,,,,,,,,,,,,,,,,,,,,,,,,,,,,,,,,,,,,,,,,,,,,,,,,,,,,,,,,,,,,,,,,,,,"-2.16",,,,,,,,,,,,,,,,,,,,,,,,,,,,,,
"POLO3",,,,,,,,,,,,,,,,,,,,,,,,,,,,,,,,,,,,,,,,,,,,,,,,,,,,,,,,,,,,,,,,,,,,,,,,,,,,,,,,,,,,,,,,,,,,,,"1.8",,,,,,,,,,,,,,,"1.8",,,,,,,,,,,,,,,,,,,,,,,,,,,,,,,,,,,,,,,,,,,,,,,,,,,,,,"-1.98",,,,,,,,,,,,,,,,,,,,,"-2.033",,,,,,,,,,,,,,
"POLO2",,,,,,,,,,,,,,,,,,,,,,,,,,,,,,,,,,,,"1.8",,,,,,,,,,,,,,,,,,,,,,,,,,,,,,,,,,,,,,,,,,,"1.8",,,,,,,,,,,,,,,"1.8",,,,,,,,,,,,,,,,,,,,,,,,,,,,,,,,,,,,,,,,,,,,,,,,,,,,,,,,,,,,,,,,,,,,,"-2.0",,,,,,,,,,,,,,,,,,,,,"-2.04",,,,,,,,,,,,,,
"POLO5",,,,,,,,,,,,,,,,,,"-1.26",,,,,,,,"1.8",,,,,,,,,,,,,,,,,,,,,,,,,,,,,,,,,,,,,,,,,,,,,,,,,,,,,,,,,,,,,,,,,,,,,,,,,,,,,,,,,,,"1.8",,,,,,,,,,,,,,,,,,,,,,,,,,,,,,,,,,,,,,,,,,,,,,,,,,,,,,,,,,,,,,,,,,,,,,,,,,,"-2.2",,,,,,,,,,,,,,
"POLO4",,,,,,,,,,,,,,,,,,,,,,,,,,"1.8",,,,,,,,,,,,,,,,,,,,,,,,,,,,,,,,,,,,,,,,,,,,,,,,,,,,,,,,,,,,,,,,,,,,"1.8",,,,,,,,,,,,,,,"1.8",,,,,,,,,,,,,,,,,,,,,,,,,,,,,,,,,,,,,,,,,,,,,,,,,,,,,,"-2.05",,,,,,,,,,,,,,,,,,,,,"-2.193",,,,,,,,,,,,,,
"GRAN14",,,,,,,,,,,,,,,,,,,,,,,,,,,,,,,,,,,,,,,,,,,,,,,,,,,,,,,,,,"-1.28",,,,,,,,,,,,,,,,,,,,,,,,,,,,,,,,,,,,,"-4.71",,,,,,,,,,,,,,,,,,,,,,,,,,,,,,,,,,,,,,,,,,,,,,,,,,,,,,,,,,,,,,,,,,,,"-2.37",,,,,,,"-1.93",,,,,,,,,,,,,,"-4.7",,,,,,,,,,,,,,
"TOLA2",,,,,,,,,,,,,,,,,,,,,,,,,,,,,,,,,,,,,,,,,,,,,,,,,,,,,,,,,,,,,,,,,,,,,,,,,,,,,,,,,,,,,,,,,,,"-1.21",,,,,,,,,,,,,,,,,,,,,,,,,,,,,,,,,,,,,,,,,,,,,,,,,,,,,,,,,"-1.8",,,,,,,,,,,,,,,,,,,,,"1.8",,,,,,,,,,,,,,,,,,,,,,,,,,,,,
"ELEN",,,,,,,,,,,,,,,,,,,,,,,,,,,,,,,,,,,,,"1.8",,,,,,,,,,,,,,,,,,,,,,,,,,,,,,,,,,,,,,,,,,,,,,,,,,,,,,,,,,,,,,,,,,,,,,,,,,,,,,,,,,,,,,,,,,,,,,,,,,,,,,,,,,,,,,,,,,,,,,,,,,,,,,,,,,,,,"-2.22",,,,,,,,,,,,,"-2.3225",,,,,,,,,,,,,,,
"GRAN13",,,,,,,,,,,,,,,,,,,,,,,,,,,,,,,,,,,,,,,,,,,,,,,,,,,,,,,,,,"-1.29",,,,,,,,,,,,,,,,,,,,,,,,,,,,,,,,,,,,,"-3.93",,,,,,,,,,,,,,,,,,,,,,,,,,,,,,,,,,,,,,,,,,,,,,,,,,,,,,,,,,,,,,,,,,,,,,,,,,,"-1.96",,,,,,,,,,,,,,"-4.04",,,,,,,,,,,,,,
"BATE1",,,,,,,,,,,,,,,,,"-1.52",,,,,,,,,,,,,,,"1.8",,,,,,,,,,,,,"1.8","1.8",,,,,,,,"1.8",,"1.8",,,,,,,,,,,,,,,,,,,,,,,,,,,,,,,,,,,,,,,,,,,,,,,,,,,,,,,,,,,,,,,,,,,,,,,,,,,,,,,,,,,,,,,,,,,,,,,,,,,,,,,,,,,"-2.18",,,,,,,,,,,,,,,,,,,,,,,,,,,,,,,,,,,
"GRAN12",,,,,,,,,,,,,,,,,,,,,,,,,,,,,,,,,,,,,,,,,,,,,,,,,,,,,,,,,,"-1.34",,,,,,,,,,,,,,,,,,,,,,,,,,,,,,,,,,,,,"-3.96",,,,,,,,,,,,,,,,,,,,,,,,,,,,,,,,,,,,,,,,,,,,,,,,,,,,,,,,,,,,,,,,,,,,,,,,,,,,,,,,,,,,,,,,,"-4.08",,,,,,,,,,,,,,
"BATE2",,,,,,,,,,,,,,,,,"-1.36",,,,,,,,,,,,,,,,,,,,"1.8",,,,,,,"-1.02",,"1.8",,,,,,,,"1.8",,"1.8",,,,,,,,,,,,,,,,,,,,,,,,,,,,,,,,,,,,,,,,,,,,,,,,,,,,,,,,,,,,,,,,,,,,,,,,,,,,,,,,,,,,,,,,,,,,,,,,,,,,,,,,,,,"-1.98",,,,,,,,,,,,,,,,,,,,,,,,,,,,,,,,,,,
"GRAN11",,,,,,,,,,,,,,,,,,,,,,,,,,,,,,,,,,,,,,,,,,,,,,,,,,,,,,,,,,"-1.39",,,,,,,,,,,,,,,,,,,,,,,,,,,,,,,,,,,,,"-4.09",,,,,,,,,,,,,,,,,,,,,,,,,,,,,,,,,,,,,,,,,,,,,,,,,,,,,,,,,,,,,,,,,,,,,,,,,,,,,,,,,,,,,,,,,"-4.03",,,,,,,,,,,,,,
"ARSE",,,,,,,,,,,,,,,,,,,,,,,,,,,,,,,,,,,,,,,,,,,,,,,,,,,,,,,,,,,,,,,,,,,,,,,,,,,,,,,,,,"-8.25",,,,,,,,,,,,,,,,,,,,,,,,,,,,,,,,,,,,,,,,,,,,,,,,,,,,,,,,,,,,,,,,,,,,,,,,,,,,,,,,,,,,,,,,,,,,,,,,,,,"2.2",,,,,,,,,,,,,,,,,
"TOLA1",,,,,,,,,,,,,,,,,,,,,,,,,,,,,,,,,,,,,,,,,,,,,,,,,,,,,,,,,,,,,,,,,,,,,,,,,,,,,,,,,,,,,,,,,,,"-1.06",,,,,,,,,,,,,,,,,,,,,,,,,,,,,,,,,,,,,,,,,,,,,,,,,,,,,,,,,,,,,,,,,,,,,,"-1.8",,,,,,,,"1.8",,,,,,,,,,,,,,,,,,,,,,,,,,,,,
"GRAN18",,,,,,,,,,,,,,,,,,,,,,,,,,,,,,,,,,,,,"-1.8",,,,,,,,,,,,,,,,,,,,,,,,,,,,,,,,,,,,,,,,,,,,,,,,,,,,,,,,,,,,,"-4.72",,,,,,,,,,,,,,,,,,,,,,,,,,,,,,,,,,,,,,,,,,,,,,,,,,,,,,,,,,,,,,,,,,,,,,,,,,,,,,,,,,,,"-3.49",,"-4.68",,,,,,,,,,,,,,
"GRAN17",,,,,,,,,,,,,,,,,,,,,,,,,,,,,,,,,,,,,"-1.8",,,,,,,,,,,,,,,,,,,,,,,,,,,,,,,,,,,,,,,,,,,,,,,,,,,,,,,,,,"-4.27",,,"-4.28",,,,,,,,,,,,,,,,,,,,,,,,,,,,,,,,,,,,,,,,,,,,,,,,,,,,,,,,,,,,,,,,,,,,,,,,,,,,,,,,,,,,,"-1.8695","-4.28",,,,,,,,,,,,,,
"GRAN16",,,,,,,,,,,,,,,,,,,,,,,,,,,,,,,,,,,,,"-1.4",,,,,,,,,,,,,,,,,,,,,,,,,,,,,,,,,,,,,,,,,,,,,,,,,,,,,,,,,,"-3.88",,,,,,,,,,,,,,,,,,,,,,,,,,,,,,,,,,,,,,,,,,,,,,,,,,,,,,,,,,,,,,,,,,,,,,,,,,,,,,,,,,,,,,,,,"-3.98",,,,,,,,,,,,,,
"GRAN15",,,,,,,,,,,,,,,,,,,,,,,,,,,,,,,,,,,,,,,,,,,,,,,,,,,,,,,,,,,,,,,,,,,,,,,,,,,,,,,,,,,,,,,,,,,,,,,"-4.59",,,,,,,,,,,,,,"5.0",,,,,,,,,,,,,,,,,,,,,,,,,,,,,,,,,,,,,,,,,,,,,,,,,,,,,,,,,,,,,,,,,,,,,,,,,,,"-3.92",,,,,,,,,,,,,,
"GRAN10",,,,,,,,,,,,,,,,,,,,,,,,,,,,,,,,,,,,,,,,,,,,,,,,,,,,,,,,,,,,,,,,,,,,,,,,"-1.3",,,,,,,,,,,,,,,,,,,,,,,"-5.14",,,,,,,,,,,,,,,,,,,,,,,,,,,,,,,,,,,,,,,,,,,,,,,,,,,,,,,,,,,,,,,,,,,,,,,,,,,,,,,,,,,,,,,,,"-5.05",,,,,,,,,,,,,,
"BERN",,,,,,,,,,,,,,,,,,,,,,,,,,,,,,,,,,,,"1.8",,,,,,,"-1.0",,,,,,,,,,"1.8",,,,,,,,,,,,,,,,,,,,,,,,,,,,,,,,,,,,,,,,,,,,,,,,,,,,,,,,,,,,,,,,,,,,,,,,,,,,,,,,,,,,,,,,,,,,,,,,,,,,,,,,,,,,,,"-1.59",,,,,,,,,,,,,,,,,,,,,"-1.384",,,,,,,,,,,,,,
"MEGI1",,,,,,,,,,,,,,,,,,,,,,,,,,,,,,,,,,,,,,,,,,,,,,,,,,,,,,,,,,,,,,,,,,,,,,,,"-2.44",,,,,,,,,,,,,,,,,,,,,,,,,,,,,,,,,,,,,,,,,,,,,,,,,,,,,,,,,,,,,,,,,,,,,,,,,,,,,,,,,,,,,,,,,,,,,,,,,,,,,,,,,,,,"1.8",,,,"-2.449",,,,,,,,,,,,,,
"NOAL4",,,,,,,,,,,,,,,,,,,,,,,,,,,,,,,,,,,,,,,,,,,,,,,,,,,,,,,,,,,,,,,,,,,,,,,,,,,,,,,,,,,,,,,,,,"-2.25",,,,,,,,,,,,,,,,,,,,,,,,,,,,,,,,,,,,,,,,,,,,,,,,,,,,,,,,,,,,,,,,,,,,,,,,,,,,,,,,,,,,,,,,,,,,,,,,,,,,,,,,,,,,
"NOAL1",,,,,,,,,,,,,,,,,,,,,,,,,,,"-1.16",,,,,,,,,,,,,,,,,,,,,,,,,,,,,,,,,,,,,,,,,,,,,,,,,,,,,,,,,,,,,,,"-2.07",,,,,,,,,,,,,,,,,,,,,,,,,,,,,,,,,,,,,,,,,,,,,,,,,,,,,,,,,,,,,,,,,,,,,,,,,,,,,,,,,,,,,,,,,,,,,,,,,,,,,,,,,,,,
"BARE2",,,,,,,,,,,,,,,,,,,,,,,,,,,,,,,,,,,,,,,,,,,,,,,,,,,,,,,,,,,,,,,,,,,,,,,,,,,,,,,,,,,,,,,,,,,,,,,,,,,,,,,,,,,,,,,,,,,,,,,,,,,,,,,,,,,"-1.92",,,,,,,,,,,,,,,,,,,,,,,,,,,,,,,,,,,,,,,,,,,,,,,,,,,,,,,,,,,,,,,,,,,
"NOAL2",,,,,,,,,,,,,,,,,,,,,,,,,,,,,,,,,,,,,,,,,,,,,,,,,,,,,,,,,,,,,,,,,,,,,,,,,,,,,,,,,,,,,,,,,,"-2.27",,,,,,,,,,,,,,,,,,,,,,,,,,,,,,,,,,,,,,,,,,,,,,,,,,,,,,,,,,,,,,,,,,,,,,,,,,,,,,,,,,,,,,,,,,,,,,,,,,,,,,,,,,,,
"NOAL3",,,,,,,,,,,,,,,,,,,,,,,,,,,,,,,,,,,,,,,,,,,,,,,,,,,,,,,,,,,,,,,,,,,,,,,,,,,,,,,,,,,,,,,,,,"-2.19",,,,,,,,,,,,,,,,,,,,,,,,,,,,,,,,,,,,,,,,,,,,,,,,,,,,,,,,,,,,,,,,,,,,,,,,,,,,,,,,,,,,,,,,,,,,,,,,,,,,,,,,,,,,
"MEGI3",,,,,,,,,,,,,,,,,,,,,,,,,,,,,,,,,,,,,,,,,,,,,,,,,,,,,,,,,,,,,,,,,,,,,"-1.38",,,"-1.57",,,,,,,,,,,,,,,,,,,,,,,,,,,,,,,,,,,,,,,,,,,,,,,,,,,,,,,,,,,,,,,,,,,,,,,,,,,,,,,,,,,,,,,,,,,,,,,,,,,,,,,,,,,,"1.8",,,,"-1.914",,,,,,,,,,,,,,
"TETT1",,,,,,,,,,,,,,,,,,,,,,,,,,,,,"1.8",,,,,,,,,,,,,,,,,,,,,,,,,,,,,,,,,,"-1.8",,,,,,,,,,,,,,,,"1.8",,,,,,,,,,,,,,,,,,,,,,"1.8",,,,,,,,,,,,,,,,,,,,,,,,,,,,,,,,,,,,,,,,,,,,,,,,,,,,,,,,,,,,,,"-1.93",,,,,,,,,,,,,,,,,,,,"-1.8495",,,,,,,,,,,,,,,
"MEGI2",,,,,,,,,,,,,,,,,,,,,,,,,,,,,,,,,,,,,,,,,,,,,,,,,,,,,,,,,,,,,,,,,,,,,,,,"-1.98",,,,,,,,,,,,,,,,,,,,,,,,,,,,,,,,,,,,,,,,,,,,,,,,,,,,,,,,,,,,,,,,,,,,,,,,,,,,,,,,,,,,,,,,,,,,,,,,,,,,,,,,,,,,"1.8",,,,"-1.85",,,,,,,,,,,,,,
"TETT2",,,,,,,,,,,,,,,,,,,,,,,,,,,,,"1.8",,,,,,,,,,,,,,,,,,,,,,,,,,,,,,,,,,"-1.92",,,,,,,,,,,,,,,,"1.8",,,,,,,,,,,,,,,,,,,,,,,,,,,,,,,,,,,,,,,,,,,,,,,,,,,,,,,,,,,,,,,,,,,,,,,,,,,,,,,,,,,,"-2.31",,,,,,,,,,,,,,,,,,,,"-2.0555",,,,,,,,,,,,,,,
"MOCE",,,,,,,,,,,,,,,,,,,,,,,,,,,,,,,,,,,,,,,,,,,,,,,,,,,,,,,,,,,,,,,,,,,,,,,,,,,,,,,,,,,,,,,,,,,,,,,,,,,,,,,,,,,,,,,,,,,,,,,,,,,,,,,,,,"-1.9",,,,,,,,,,,,,,,,,,,,,,,,,,,,,,,,,,,,,,,,,,,,,,"1.8",,,,,,,,"-2.06",,,,,,,,,,,,,,
"TRON",,,,,,,,,,,,,,,,,,,,,,,,,,,,,,,,,,,,,,,,,,,,,,,,,,,,,,,,,,,,,,,,,,,,,"-0.67",,,"-1.55",,,,,,,,,,,,,,,,,,,,,,,,,,,,,,,,,,,,,,,,,,,,,,,,,,,,,,,,,,,,,,,,,,,,,,,,,,,,,,,,,,,,,,,,,,,,,,,,,,,,,,,,,,,,"1.8",,,,"-1.43",,,,,,,,,,,,,,
"AMAL",,,,,,,,,,,,,,,,,,,,,,,,,,,,,,,,,,,,,,,,,,,,,,,,,,,,,,,,,,,,,,,,,,,,,,,,,,,,,,,,,,,,,,,,,,,,,,"1.8",,,,,,,,,,,,,,,,,,,,,,,,,,,,,,,,,,,,,,,,,,,,,,,,,,,,,,,,,,,,,,,,,,,,,"-1.71",,,,,,,,,,,,,,,,,,,,,"-1.93",,,,,,,,,,,,,,
"FAVA1",,,,,,,,,,,,,,,,,,,,,,,,,,,,,,,,,,,,,"-1.8",,,,,,,,,,,,,,,,,,,,,,,,,,,,,,,,,,,,,,,,,,"1.8",,,,,,,,,,,,,,,,,,,,,,,,,,,,,,,,,,,,,,,,,,,,,,,,,,,,,,,,,,,,,,,,,,,,,,,,,,,,,,,,,,,,,,,,,,,,,,,,,,,,,,,,"-2.1915",,,,,,,,,,,,,,,
"FERA1",,,,,,,,,,,,,,,,,,,,,,,,,,,,,,,,,,,,,,,,,,,,,,,,,,,,,,,,,,,,,,,,,,,,,,,,,,,,,,,,,,,,,,,,,,,,,,,,,,,,,,,,,,,,,,,,,,,,,,,,,,,,,,,,,,,"-1.51",,,,,,,,,,,,,,,,,,,,,,,,,,,,,,,,,,"-1.61",,,,,,,,,,,,,,,,,,,,,,,,,,,,,,,,,
"FERA2",,,,,,,,,,,,,,,,,,,,,,,,,,,,,,,,,,,,,,,,,,,,,,,,,,,,,,,,,,,,,,,,,,,,,,,,,,,,,,,,,,,,,,,,,,,,,,,,,,,,,,,,,,,,,,,,,,,,,,,,,,,,,,,,,,,"-1.54",,,,,,,,,,,,,,,,,,,,,,,,,,,,,,,,,,"-1.23",,,,,,,,,,,,,,,,,,,,,,,,,,,,,,,,,
"FAVA2",,,,,,,,,,,,,,,,,,,,,,,,,,,,,,,,,,,,,"-1.8",,,,,,,,,,,,,,,,,,,,,,,,,,,,,,,,,,,,,,,,,,"1.8",,,,,,,,,,,,,,,,,,,,,,,,,,,,,,,,,,,,,,,,,,,,,,,,,,,,,,,,,,,,,,,"-1.8",,,,,,,,,"1.8",,,,,,,,,,,,,,,,,,,,,,,,,,,,,,,,"-2.2095",,,,,,,,,,,,,,,
"1FIS",,,,,,,,,,,,,,,,,,,,,,,,,,,,,,,,,,,,,,,,,,,,,,,,,,,,,,,,,,,,,,,,,,,,,,,,,,,,,,,,,,,,,,,,,,,,,,,,,,,,,,,,,,,,,,,,,,,,,,,,,,,,,,,"-2.15",,,,,,,,,,,,,,,,,,,,,,,,,,,,,,,,,,,,,,,,,,,,,,,,,,,,,,,"-3.03",,,,,,,,,,,,,,,,
"FRES",,,,,,,,,,,,,,,,,,,,,,,,"1.8","-1.14",,,,,,"-1.0",,,,,,,,,"-1.76",,,,"1.8",,,,,,,,,,,,,,,,,,,,,,,,,,,,,,,,,,,,,,,,,,,,,,,,,,,,,,,,,,,,,,,,,,,,,,,,,,,,,,,,,,,,,,,,,,,,,,,,,,,,,,,,,,,,,,,,,,,,,,,"-1.93",,,,,,,,,,,,,,,,,,,,,,,,,,,,,,,,,,,
"FORM",,,,,,,,,,,,,,,,,,,,,,,,,,,,,,,,,,,,,,,,,,,,,,,,,,,,,"1.8",,,,,,,,,,"1.8",,,,,,,,,,,,,,,"1.8","1.8",,,,,,,,,,,,,,,,,,,,,,,,,,,,,,,,,,,,,,,,,,,,,,,,,,,,,,,,,,,,,,,,,,,,,"1.8",,,,,,,,,,,,,,,"-2.22",,,,,,,,,,,,,,,,,,,,"-1.9275",,,,,,,,,,,,,,,
"APON1",,,,,,,,,,,,,,,"1.8",,,,,,,,,,,,,,,,,,,,,,,,,,,,,,,,,,,,,,,,,,,,,,,,,,,,,,,,,,,,,,,,,,,,,,,,,,,,,,,,,,,,,,,,,,,,,,,,,,,,,,,,,,,,,,,,,,,,"-1.35",,,,,,,,,,,,,,,,,,,,,,,,,,,,,,,,"-1.31",,,,,,,,,,,,,,,,,,,,,"-1.342",,,,,,,,,,,,,,
"CANO",,,,,,,,,,,,,,,,,,,,,,,,,,,,,,,,,,,,,"-1.8",,,,,,,,,,,,,,,,,,,,,,,,,,,,,,,,,,,,,,,,,,,,,,,,,,,,,,,,,,,,,,,,,,,,,,,,,,,,,,,,,,,,,,,,,,,,,,,,,"-2.31",,,,,,,,,,,,,,,,,,,"-1.59",,,,,,,,,,"-1.9",,,,,,,,,,,,,,,,,,,,"-2.5695",,,,,,,,,,,,,,,
"DANI",,,,,,,,,,,,,,,,,,,,,,,,,,,,,,,,,,,,,,,,,,,,,,,,,,,,,,,,,,,,,,,,,,,,,,,,,,,,,,,,,,,,,,,,,,,,,,,,,,,,,,,,,,,,,,,,,,,,,,,,,,,,,,,,,,,"-1.4",,,,,,,,,,,,,,,,,,,,,,,,,,,,,,,,"-1.3",,,,,,,,,,,,,,,,,,,,"-1.4565",,,,,,,,,,,,,,,
"NICO1",,,,,,,,,,,,,,,,,,,,,,,,,,,,,,,,,,,,,"1.8",,,,,,,,,,,,,,,,,,,,,,,,,,,,,,,,,,,,,,,"-1.14",,,,,,,,,,,,,,,,,,,,,,,,,,,,,,,,,,,,,,,,,,,,,,,,,,,,,,,,,,,,,,,,,,,,,,,,,,,,,,,,,,,,,,"-1.8","-1.45",,,,,,,,,,,,,,,,,,,,,,"1.8",,,,,,,,,,,,,
"APON2",,,,,,,,,,,,,,,"1.8",,,,,,,,,,,,,,,,,,,,,,,,,,,,,,,,,,,,,,,,,,,,,,,,,,,,,,,,,,,,,,,,,,,,,,,,,,,,,,"-1.6",,,,,,,,,,,,,,,,,,,,,,,,,,,,,,,,,,,,,,"-1.46",,,,,,,,,,,,,,,,,,,,,,,,,,,,,,,,"-1.77",,,,,,,,,,,,,,,,,,,,,"-1.809",,,,,,,,,,,,,,
"DOMI",,,,,,,,,,,,,,,,,,,,,,,,,,,,,,,,,,,,,"1.8",,,,,,,,,,,,,,,,,,,,,,,,,,,,,,,,,,,,,,,,,,,,,,,,,,,,,,,,,,,,,,,,,,,,,,,,,,,,,,,,,,,,,,,,,,,,,,,,,,,,,,,,,,,,,,,,,,,,,,,,,,,,,,,,,,,,,,,,,,,"1.8",,,,,,,,,,,,,,,,,,"1.8",,,,
"MARG",,,,,,,,,,,,,,,,,,,,,,,,,,,,,,,,,,,,,"1.8",,,,,,,,,,,,,,,,,,,,,,,,,,,,,,,,,,,,,,,,,,,,,,,,,,,,,,,,,,,,,,,,,,,,,,,,,,,,,,,,,,,,,,,,,,,,,,,,,,,,,,,,,,,,,,,,,,,,,,,,,,,,,,"-1.87",,,,,,,"-2.44",,,,,,,,,,,,,,,,,,,,,,,,,,,,
"EUFE2",,,,,,,,,,,,,,,,,,,,,,,,,,,,,,,,,,,,,,,,,,,,,,,,,,,,,,,,,,,,,,,,,,,,,,,,,,,,,,,,,,,,,,"-2.05",,,,,,,,,,,,,,,,,,,,,,,,,,,,,,,,,,,,,,,,,,,,,,,,,,,,,,,,,,,,,,,,,,,,,,,,,,,,,,,,,,,,,,,,,,,,,,,,,,,,,,,,,,,"1.8",,,"1.8",,
"EUFE1",,,,,,,,,,,,,,,,,,,,,,,,,,,,,,,,,,,,,,,,,,,,,,,,,,,,,,,,,,,,,,,,,,,,,,,,,,,,,,,,,,,,,,"-1.72",,,,,,,,,,,,,,,,,,,,,,,,,,,,,,,,,,,,,,,,,,,,,,,,,,,,,,,,,,,,,,,,,,,,,,,,,,,,,,,,,,,,,,,,,,,,,,,,,,,,,,,,,,,"1.8",,,,,
"ACQU1",,,,,,,,,,,,,,,,,,,,,,,,,,,,,,,,,,,,,,,,,,,,,,,,,,,,,,,,,,,,,,,,,,,,,,,"-1.85",,,,,,,,,,,,,,,,,,,,,,,,,,,,,,,,,,,,,,,,,,,,,,,,,,,,,,,,,,,,,,,,,,,,,,,,,,,,,,,,,,,,,,,,,,,,"-1.95",,,,,,,,,,,,,,,,,,,,,,,,,,,,,,,,,,,"1.8"
"RAFF2",,,,,,,,,,,,,,,,,,,,,,,,,,,,,,,,,,,,,"1.8",,,,,,,,,,,,,,,,,,,,,,,,,,,,,,,,,,,,,,,,,,,,,,,,,,,,,,,,,,,,,,,,,,,,,,,,,,,,,,,,,,,,,,,,,,,,,,,,,,,,,,,,,,,,,,,,,,,,,,,,,,,,,,"-1.5",,,,,,,,,,,,,,,,,,,,,,,,,,,,,,,,,,,
"SENS1",,,,,,,,,,,,,,,,,,,,,,,,,,,,,,,,,,,,,"1.8",,,,,,,,,,,,,,,,,,,,,,,,,,,,,,,,,,,,,,,,,,,,,,,,,,,,,,,,,,,,,,,,,,,,,,,,,,,,,,,,,,,,,,,,,,,,,,,,,,,,,,,,,,,,,,,,,,,,,,,,,,,,,,"-2.67",,,,,,,,,,,,,,,,,,,,,,,,,,,,,,,,,,,
"RAFF1",,,,,,,,,,,,,,,,,,,,,,,,,,,,,,,,,,,,,"1.8",,,,,,,,,,,,,,,,,,,,,,,,,,,,,,,,,,,,,,,,,,,,,,,,,,,,,,,,,,,,,,,,,,,,,,,,,,,,,,,,,,,,,,,,,,,,,,,,,,,,,,,,,,,,,,,,,,,,,,,,,,,,,,"-1.81",,,,,,,,,,,,,,,,,,,,,,,,,,,,,,,,,,,
"SENS2",,,,,,,,,,,,,,,,,,,,,,,,,,,,,,,,,,,,,"1.8",,,,,,,,,,,,,,,,,,,,,,,,,,,,,,,,,,,,,,,,,,,,,,,,,,,,,,,,,,,,,,,,,,,,,,,,,,,,,,,,,,,,,,,,,,,,,,,,,,,,,,,,,,,,,,,,,,,,,,,,,,,,,,"-2.09",,,,,,,,,,,,,,,,,,,,,,,,,,,,,,,,,,,
"SVEV01",,,,,,,,,,,,,,,,,,,,,,,,,,,,,,,,,,,,,,,,,,,,,,,,,,,,,,,,,,,,,,,,,,,,,,,,,,,,,,,,,,,,,,,,,,,,,,,,,,,,,,,,,,,,,,,,,,,,,,,,,,,,,,,,,,,,,,,,,,,,,,,,,,,,,,,,,,,,,,,,,,,,,,,,,,,,"1.8",,,,,,,,,,,,,,,,,,,,,,,,,,
"SENS3",,,,,,,,,,,,,,,,,,,,,,,,,,,,,,,,,,,,,"1.8",,,,,,,,,,,,,,,,,,,,,,,,,,,,,,,,,,,,,,,,,,,,,,,,,,,,,,,,,,,,,,,,,,,,,,,,,,,,,,,,,,,,,,,,,,,,,,,,,,,,,,,,,,,,,,,,,,,,,,,,,,,,,,"-1.98",,,,,,,,,,,,,,,,,,,,,,,,,,,,,,,,,,,
"RACH2",,,,,,,,,,,,,,,,,,,,,,,,,,,,,,,,,,,,,,,,,,,,,,,,,,,,,,,,,,,,,,,,"-0.84",,,,,,,,,,,,,,,,,,,,,,,,,,,,,,,,,,,,,,,,,,,"1.8",,,,,,,,,,,,,,,,,,,,,,,,,,,,,,,,,,,,,,,,,,,,,,,,,,,,,,,,"-1.52",,,,,,,,,,,,,,,,,,,,,,,,,,,,,,,,,,,"1.8"
"SENS4",,,,,,,,,,,,,,,,,,,,,,,,,,,,,,,,,,,,,"1.8",,,,,,,,,,,,,,,,,,,,,,,,,,,,,,,,,,,,,,,,,,,,,,,,,,,,,,,,,,,,,,,,,,,,,,,,,,,,,,,,,,,,,,,,,,,,,,,,,,,,,,,,,,,,,,,,,,,,,,,,,,,,,,"-1.9",,,,,,,,,,,,,,,,,,,,,,,,,,,,,,,,,,,
"BRAZ",,,,,,,,,,,,,,,,,,,,,,,,,,,,,,,,,,,,,,,,,,,,,,,,,,,,,,,,,,,,,,,,,,,,,,,,,,,,,,,,,,,,,,,,,,,,,,,,,,,,,,,,,,,,,,,,,,,,,,,,,"-1.59",,,,,,,,,,,,,,,,,,,,,,,,,,,,,,,,,,,,,,,,,,"-1.6",,,,,,,,,,,,,,,,,,,,,,,,,,,,,,,,,,,
"ACQU3",,,,,,,,,,,,,,,,,,,,,,,,,,,,,,,,,,,,,,,,,,,,,,,,,,,,,,,,,,,,,,,,,,,,,,,"-1.82",,,,,,,,,,,,,,,,,,,,,,,,,,,,,,,,,,,,,,,,,,,,,,,,,,,,,,,,,,,,,,,,,,,,,,,,,,,,,,,,,,,,,,,,,,,,"-1.83",,,,,,,,,,,,,,,,,,,,,,,,,,,,,,,,,,,
"RACH1",,,,,,,,,,,,,,,,,,,,,,,,,,,,,,,,,,,,,,,,,,,,,,,,,,,,,,,,,,,,,,,,"-1.26",,,,,,,,,,,,,,,,,,,,,,,,,,,,,,,,,,,,,,,,,,,"1.8",,,,,,,,,,,,,,,,,,,,,,,,,,,,,,,,,,,,,,,,,,,,,,,,,,,,,,,,"-1.47",,,,,,,,,,,,,,,,,,,,,,,,,,,,,,,,,,,"1.8"
"SENS5",,,,,,,,,,,,,,,,,,,,,,,,,,,,,,,,,,,,,"1.8",,,,,,,,,,,,,,,,,,,,,,,,,,,,,,,,,,,,,,,,,,,,,,,,,,,,,,,,,,,,,,,,,,,,,,,,,,,,,,,,,,,,,,,,,,,,,,,,,,,,,,,,,,,,,,,,,,,,,,,,,,,,,,"-1.79",,,,,,,,,,,,,,,,,,,,,,,,,,,,,,,,,,,
"FUSE",,,,,,,,,,,,,,,,,,,,,,,,,,,,,,,,,,,,,,,,,,,,,,,,,,,,,,,,,,,,,,,,,,,,,,,,,,,,,,,,,,,,,,,,,,,,,,,,,,,,,,,,,,,,,,,,,,,,,,,,,,,,,,,,,,,"-1.99",,,,,,,,,,,,,,,,,,,,,,,,,,,,,,,,,,"-1.87",,,,,,,,,,,,,,,,,,,,,,,,,,,,,,,,,
"ACQU2",,,,,,,,,,,,,,,,,,,,,,,,,,,,,,,,,,,,,,,,,,,,,,,,,,,,,,,,,,,,,,,,,,,,,,,"-1.65",,,,,,,,,,,,,,,,,,,,,,,,,,,,,,,,,,,,,,,,,,,,,,,,,,,,,,,,,,,,,,,,,,,,,,,,,,,,,,,,,,,,,,,,,,,,"-1.67",,,,,,,,,,,,,,,,,,,,,,,,,,,,,,,,,,,"1.8"
"SENS6",,,,,,,,,,,,,,,,,,,,,,,,,,,,,,,,,,,,,"1.8",,,,,,,,,,,,,,,,,,,,,,,,,,,,,,,,,,,,,,,,,,,,,,,,,,,,,,,,,,,,,,,,,,,,,,,,,,,,,,,,,,,,,,,,,,,,,,,,,,,,,,,,,,,,,,,,,,,,,,,,,,,,,,"-1.89",,,,,,,,,,,,,,,,,,,,,,,,,,,,,,,,,,,
"MARN",,,,,,,,,,,,,,,,,,,,,,,,,,,,,,,,,,,,,,,,,,,,,,,,,,,,"-1.75",,,"1.8",,,,,,,,"1.8",,,"1.8",,,,,,,,,,,,,,,,,,,,,,,,,,,,,,,,,,,,,,,,,,,,,,,,,,,,,,,,,,,,,,,,,,,,,,,,,,,,,,,,,,,,,,,,,,,,,,,,,"-1.82",,,,,,,,,,,,,,,,,,,,,"-1.98",,,,,,,,,,,,,,
"BARC1",,,,"-1.62",,"1.8",,,,,,"1.8",,,,,,,,,,,,,,,,,,,,,,,,,,,,,,,,,,,,,,"1.8",,,,,,,,,,,,,,,,,,,,,,,,,,,,,,,,,,,,,,,,,,,,,,,,,,,,,,,,,,,,,,,,,,,,,,,,,,,,,,,,,,,,,,,,,,,,,,,,,,,,,,,,,,,,,,,,,,,"-2.02",,,,,,,,,,,,,,,,,,,,,,,,,,,,,,,,,
"ZECA",,,,,,,,,,,,,,,"1.8",,,,,,,,,,,,,,,,,,,,,,,,,,,,,,,,,,,,,,,,,,,,,,,,,,,,,,,,,,,,,,,,,,,,,,,,,,,,,,,,,,,,,,,,,,,,,,,,,,,,,,,,,,,,,,,,,,,,,,,,,"-1.61",,,,,,,,,,,,,,,,,,,,,,,,,,,,,"-1.54",,,,,,,,,,,,,,,,,,,,,,,,,,,,,,,,,
"BARC2",,,,,,,,,,,,,"-2.09","1.8",,,,,,"1.8",,,,,,,,,,,,,,,,,,,,,,,,,,,,,,,,,,,,,,,,,,,,,,,,,,,,,,,,,,,,,,,,,,,,,,,,,,,,,,,,,,,,,,,,,,,,,,,,,,,,,,,,,,,,,,,,,,,,,,,,,,,,,,,,,,,,,,,,,,,,,,,,,"-1.8",,,,,,,,,,,,,,,,,,,,,,,,,,,,,,,,,
"ZECC",,,"1.8",,,,,,,,,,,,,,,,,,,,,,,,,,,,,,,,,,,,,,,,,,,,,,,,,,,,,,,,,,,,,,,,,,,"-1.88",,,,,,,,,,,,,,,,,,,,,,,,,,,,,,,,,,,,,,,,,,,,,,,,,,,,,,,,,,,,,,,,,,,,,,,,,,,,,,,,,,,,,,,,,,,,,"-2.12",,,,,,,,,,,,,,,,,,,,,,,,,,,,,,,,,,,
"GRIS1",,,,,,,,,,,,,,,,,,,,,,,,,,,,,,,,,,,,"1.8","-1.8",,,,,,,,,,,,,,,,,,,,,,,,,,,,,,,,,,,,,,,,,,,,,,,,,,,,,,,,,,,,,,,,,,,,,,,,,,,,,,,,,,,,,,,,,,,,,,,,,,,,,,,,,,,,,,,,,,,,,,,,,,,,,,"-1.66",,,,,,,,,,,,,,,,,,,,"-1.8515",,,,,,,,,,,,,,,
"BARE1",,,,,,,,,,,,,,,,,,,,,,,,,,,,,,,,,,,,,"-1.31",,,,,,,,,,,,,,,,,,,,,,,,,,,,,,,,,,,,,,,,,,,,,,,,,,,,,,,,,,,,,,,,,,,,,,,,,,,,,,,,,,,,,,,,,,,,,,"-2.21",,,,,,,,,,,"-1.31",,,,,,,,,,,,,,,,,,,,,,,"-1.91",,,,,,,,,,,,,,,,,,"-1.9615",,,,,,,,,,,,,,,
"GRIS2",,,,,,,,,,,,,,,,,,,,,,,,,,,,,,,,,,,,"1.8","-1.8",,,,,,,"1.8",,,,,,,,,,,,,,,,,,,,,,,,,,,,,,,,,,,,,,,,,,,,,,,,,,,,,,,,,,,,,,,,,,,,,,,,,,,,,,,,,,,,,,,,,,,,,,,,,,,,,,,,,,,,,,,,,,,,,,,"-1.92",,,,,,,,,,,,,,,,,,,,"-1.8335",,,,,,,,,,,,,,,
"CANA01",,,,,,,,,,,,,,,,,,,,,,,,,,,,,,,,,,,,,,,,,,,,,,,,,,,,,,,,,,,,,,,,,,,,,,,,,,,,,,,,,,,,,,,,,,,,,,,,,,,,,,,,,,,,,,,,,,,,,,,,,,,,,,,,,,,,,,,,,,,,,,,,,,,,,,,,,,,,,,,,,,,,,,,,,,,,"1.8",,,,,,,,,,,,,,,,,,,,,,,,,,
"GIOB",,,,,,,,,,,,,,,,,,,,,,,,,,,,,,,,,,,,,,,,,,,,,,,,,,,,,,,,,,,,,,,,,,,,,,,,,,,,,,,,,,,,,,,"-1.69",,,,,,,,,,,,,,,,,,,,,,,,,,,,,,,,,,,,,,,,,,,,,,,,,,,,,,,,,,,,,,,,,,,,,,,,,,,,"-1.66",,,,,,,,,,,,,,,,,,,,,,,,,,,,,,,,,,,
"MICH",,,,,,,,,,,,,,,,,,,,,,,,,,,,,,,,,,,,,,,,,,,,,,,,,,,,,,,,,,,,,,,,,,,,,,,,,,,,,,,,,,,,,,,,,,,,,,,,,,,,,,,,,,,,,,,,,,,,,,,,,,,,,,,,,,,,"-1.74",,,,,,,,,,,,,,,,,,,,,,,,,,,,,,,,,,,,,,,,,,,,,,,,,,"-1.27",,,,,,,,,,,,,,,,
"PERG",,,,,,,,,,,,,,,,,,,,,,,,,,,,,,,,,,,,,,,,,,,,,,,,,,,,,,,,,,"-1.39",,,,,,,,,,,,,,,,,,,,,,,,,,,,,,,,,,,,,,,,,,,,,,,,,,,,,,,,,,,,,,,,,,,,,,,,,,,,,,,,,,"1.8",,,,,,,,,,,,,,,,,,,,,,,,,,,,,,,,,,,,"1.8",,,,,,,,"-1.892",,,,,,,,,,,,,,
"SACF3",,,,,,,,,,,,,,,,,,,,,,,,,,,,,,,,,,,,,,,,,,,,,,,,,,,,,,,,,,"-1.46",,,,,,,,,,,,,,,,,,,,,,,,,,,,,,,,,,,,,,,,,,,,,,,,,,,,,,,,,,,,,"1.8",,,,,,,,,,,,,,,,,,,,,,,,,,,,,,,,,,,,,,,,,,,,,,,,,,,,,,,,,,,,,,,"-1.52",,,,,,,,,,,,,,,,
"SALV",,,,,,,,,,,,,,,,,,,,,,,,,,,,,,,,,,,,,,,,,,,,,,,,,,,,,,,,,,,,,,,,,,,,,,,,,,,,,,,,,,,,,,,,,,,,,,,,,,,,,,,,,,,,,,,,,,,,,,,,,,,,,,,,,,,,,,,"-1.73",,,,,,,,,,,,,,,,,,,,,,,,,,,,,,"-1.61",,,,,,,,,,,,,,,,,,,"-1.63",,,,,,,,,,,,,,
"SACF2",,,,,,,,,,,,,,,,,,,,,,,,,,,,,,,,,,,,,,,,,,,,,,,,,,,,,,,,,,"-1.56",,,,,,,,,,,,,,,,,,,,,,,,,,,,,,,,,,,,,,,,,,,,,,,,,,,,,,,,,,,,,"1.8",,,,,,,,,,,,,,,,,,,,,,,,,,,,,,,,,,,,,,,,,,,,,,,,,,,,,,,,,,,,,,,"-2.06",,,,,,,,,,,,,,,,
"SACF1",,,,,,,,,,,,,,,,,,,,,,,,,,,,,,,,,,,,,,,,,,,,,,,,,,,,,,,,,,"-1.92",,,,,,,,,,,,,,,,,,,,,,,,,,,,,,,,,,,,,,,,,,,,,,,,,,,,,,,,,,,,,"1.8",,,,,,,,,,,,,,,,,,,,,,,,,,,,,,,,,,,,,,,,,,,,,,,,,,,,,,,,,,,,,,,"-2.0",,,,,,,,,,,,,,,,
"CAND01",,,,,,,,,,,,,,,,,,,,,,,,,,,,,,,,,,,,,,,,,,,,,,,,,,,,,,,,,,,,,,,,,,,,,,,,,,,,,,,,,,,,,,,,,,,,,,,,,,,,,,,,,,,,,,,,,,,,,,,,,,,,"1.8",,,,,,,,,,,,,,,,,,,,,,,,,,,,,,,,,,,,,,,,,,,,,,,,,,"1.8",,,,,,,,,,,,,,,"1.8",,,,,,,,,
"DIO",,,,,,,,,,,,,,,,,,,,,,,,,,,,,,,,,,,,,"1.8",,,,,,,,,,,,,,,,,,,,,,,,,,,,,,,,,,,,,,,,,,,,,,,,,,,,,,,,,,,,,,,,,,,,,,,,,,,,,,,,,,,,,,,,,,,,,,,,,,,,,,,,,,,,,,,,,,,,,,,,,,,,,,"-1.97",,,,,,,,,,,,,,,,,,,,"-2.4915",,,,,,,,,,,,,,,
"MRTI1",,,,,,,,,,,,,,,,,,,,,,,,,,,,,,,,,,,,,,,,,,,,,,,,,,,,,,,,,,,,,,,,,,,,,,,,,,,,,,,"-1.88",,,,,,,,,,,,,,,,,,,,"1.8",,,,,,,,,,,,,,,,,,,,,,,,,,,,,,,,,,,,,,,,,,,,,,,,,,,,,,,,,,,,,,,,"-1.7",,,,,,,,,,,,,,,,,,,,"-1.9075",,,,,,,,,,,,,,,
"TANA3",,,,,,,,,,,,,,,,,,,,,,,,,,,,,,,,,,,,,,,,,,,,,,,,,,,,,,,,,,,,,,,,,,,,,,,,,,,,,,,,,,,,,,,,,,,,,,,,,,,,,,,,,,,,,,,,,,,,,,,,,,,,,,,,,,,"-4.43",,,,,,,,,,,,,,,,,,,,,"-1.61",,,,,,,,,,,"-3.04",,,,,,,,,,,,,,,,,,,,"-1.9975",,,,,,,,,,,,,,,
"TANA2",,,,,,,,,,,,,,,,,,,,,,,,,,,,,,,,,,,,,,,,,,,,,,,,,,,,,,,,,,,,,,,,,,,,,,,,,,,,,,,,,,,,,,,,,,,,,,,,,,,,,,,,,,,,,,,,,,,,,,,,,,,,,,,,,,,,,,,,,,,,,,,,,,,,,,,,"-1.93",,,,,,,,,,,"-2.12",,,,,,,,,,,,,,,,,,,,"-1.9255",,,,,,,,,,,,,,,
"TANA1",,,,,,,,,,,,,,,,,,,,,,,,,,,,,,,,,,,,,,,,,,,,,,,,,,,,,,,,,,,,,,,,,,,,,,,,,,,,,,,,,,,,,,,,,,,,,,,,,,,,,,,,,,,,,,,,,,,,,,,,,,,,,,,,,,,"-1.74",,,,,,,,,,,,,,,,,,,,"1.8",,,,"1.8",,,,,,,,"-1.89",,,,,,,,,,,,,,,,,,,,"-1.9125",,,,,,,,,,,,,,,
"MADO2",,,,,,,,,,,,,,,,,,,,,,,,,,,,,,,,,,,,,,,,,,,,,,,,,,,,,,,,,,"-0.62",,,,,,,,,,,,,,,,,,,,,,,,,,,,,,,,,,,"-1.46",,,,,,,,,,,,,,,,,,,,,,,,,,,,,,,,,,,,,,,,,,,,,,,,,,,,"1.8","1.8",,,,"1.8",,,,,,,,,,,,,"-1.78",,,,,,,,,,,,,,,,,,,,,"-1.629",,,,,,,,,,,,,,
"MADO1",,,,,,,,,,,,,,,,,,,,,,,,,,,,,,,,,,,,,,,,,,,,,,,,,,,,,,,,,,,,,,,,,,,,,,,,,,,,,,,,,,,,,,,,,,,,,"-0.82",,,,,,,,,,,,,,,,,,,,,,,,,,,,,,,,,,,,,,,,,,,,,,,,,,,,"1.8","1.8",,,,"1.8",,,,,,,,,,,,,"-1.73",,,,,,,,,,,,,,,,,,,,,"-1.57",,,,,,,,,,,,,,
"MRTI2",,,,,,,,,,,,,,,,,,,,,,,,,,,,,,,,,,,,,,,,,,,,,,,,,,,,,,,,,,,,,,,,,,,,,,,,,,,,,,,"-1.68",,,,,,,,,,,,,,,,,,,,,,,,,,,,,,,,,,,,,,,,,,,,,,,,,,,,,,,,,,,,,,,,,,,,,,,,,,,,,,,,,,,,"-1.6",,,,,,,,,,,,,,,,,,,,"-1.3825",,,,,,,,,,,,,,,
"MADO3",,,,,,,,,,,,,,,,,,,,,,,,,,,,,,,,,,,,,,,,,,,,,,,,,,,,,,,,,,,,,,,,,,,,,,,,,,,,,,,,,,,,,,,,,,,,,"-1.66",,,,,,,,,,,,,,,,,,,,,,,,,,,,,,,,,,,,,,,,,,,,,,,,,,,,"1.8","1.8",,,,,,,,,,,,,,,,,"-1.72",,,,,,,,,,,,,,,,,,,,,"-1.767",,,,,,,,,,,,,,
"AVOG",,,,,,,,,,,,,,,,,,,,,,,,,,,,,,,,,,,,,,,,,,,,,,,,,,,,,,,,,,,,,,,,,,,,,,,,,,,,,,,,,,,,,,,,,,,,,,,,,,,,,,,,,,,,,,,,,,,,,,,"-1.9",,,,,,,,,,,,,,,,,,,,,,,,,,,,,,,,,,,,,,,,,,,,,,,,,,,,,,,,"1.8",,,,,,,,,,,,,,,,,,,,,,,
"TRAS",,,,,,,,,,,,,,,,,,,,,,,,,,,,,,,,,,,,,"1.8",,,,,,,,,,,,,,,,,,,,,,,,,,,,,,,,,"-1.76",,,,,,,,,,,,,,,,,,,,,,,,,,,,,,,,,,,,,,,,,,,,,,,,,,,,,,,,,,,,,,,,,,,,,,,,,,,,,,,,,,,,,,,,,,,,,"-1.73",,,,,,,,,,,,,,,,,,,,,,,,,,,,,,,,,,,
"STIN",,,,,,,,,,,,,,,,,,,,,,,,,,,,,,,,,,,,,,,,,,,,,,,,,,,"-1.74",,"1.8",,,,,,,,,,,,,,,,,,,,,,,,,,"1.8",,,,,,,,,"-1.63",,,,"1.8",,"1.8",,,,,,,,,,,,,,,,,,,,,,,,,,,,,,,,,,,,,,,,,,,,,,,,,,,,,,,,,,,,,,,,,,,,,"-2.01",,,,,,,,,,,,,,,,,,,,,"-2.1",,,,,,,,,,,,,,
"CTEO01",,,,,,,,,,,,,,,,,,,,,,,,,,,,,,,,,,,,,,,,,,,,,,,,,,,,,,,,,,,,,,,,,,,,,,,,,,,,,,,,,,,,,,,,,,,,,,,,,,,,,,,,,,,,,,,,,,,,,,,,,,,,,,,,"1.8",,,,,,,,,,,,,,,,,,,,,,,,,,,,,,,,,,,,,,,,,,,,,,,"1.8",,,,,,,,,,,,,,,,,,,,,,,
"PRIU1",,,,,,,,,,,,,,,,,,,,,,,,,,,,,,,,,,,,,"1.8",,,,,,,,,,,,,,,,,,,,,,,,,,,,,,,,,,,,,,,,,,,,,,,,,,,,,,,,,,,,,,,,,,,,,,,,,,,,,,,,,,,,,,,,,,,,,,,,,,,,,,,,,,,,,,,,,,,,,,,,,,,,,,"-1.86",,,,,,,,,,,,,,,,,,,,,,,,,,,,,,,,,,,
"PRIU3",,,,,,,,,,,,,,,,,,,,,,,,,,,,,,,,,,,,,"1.8",,,,,,,,,,,,,,,,,,,,,,,,,,,,,,,,,,,,,,,,,,,,,,,,,,,,,,,,,,,,,,,,,,,,,,,,,,,,,,,,,,,,,,,,,,,,,,,,,,,,,,,,,,,,,,,,,,,,,,,,,,,,,,"-1.69",,,,,,,,,,,,,,,,,,,,,,,,,,,,,,,,,,,
"PRIU2",,,,,,,,,,,,,,,,,,,,,,,,,,,,,,,,,,,,,"1.8",,,,,,,,,,,,,,,,,,,,,,,,,,,,,,,,,,,,,,,,,,,,,,,,,,,,,,,,,,,,,,,,,,,,,,,,,,,,,,,,,,,,,,,,,,,,,,,,,,,,,,,,,,,,,,,,,,,,,,,,,,,,,,"-1.46",,,,,,,,,,,,,,,,,,,,,,,,,,,,,,,,,,,
"PLON2",,,,,,,,,,,,,,,,,,,,,,,,,,,,,,,,,,,,,,,,,,,,,,,,,,,,,,,,,,,,,,,,,,,,,,,,,,,,,,,,,,,,,,,,,"-3.31",,,,,,,,,,,,,,,,,,,,,,,,,,,,,,,,,,,,,,,,,,,"2.0",,,,,,,,,,,,,,,,,,,,,,,,,,,,,,,,,,,,,,"-2.81",,,,,,,,,,,,,,,,,,,,,,,,,,,,
"PLON1",,,,,,,,,,,,,,,,,,,,,,,,,,,,,,,,,,,,,,,,,,,,,,,,,,,,,,,,,,,,,,,,,,,,,,,,,,,,,,,,,,,,,,,,,"-2.94",,,,,,,,,,,,,,,,,,,,,,,,,,,,,,,,,,,,,,,,,,,"2.0",,,,,,,,,,,,,,,,,,,,,,,,,,,,,,,,,,,,,,"-3.09",,,,,,,,,,,,,,,,,,,,,,,,,,,,
"TRAP",,,,,,,,,,,,,,,,,,,,,,,,,,,,,,,,,,,,,,,,,,,,,,,,,,,,,,,,,,,,,,,,,,,"-1.74",,,,,,,,,,,,,,,,,,,,,,,,,,,,,,,,,,,,,"1.8","1.8",,,,,,,,,,,,,,,,,,,,,,,,,,,,,,,,,,,,,,,,,,,,,,,,,,,,,,,,,,"-1.79",,,,,,,,,,,,,,,,,,,,,,,,,,,,,,,,,,,
"BIAG1",,,,,,,,,,,,,,,,,,,,,,,,,,,,,,,,,,,,,,,,,,,,,,,,,,,,,,,,,,,,,,,,,,,,,,,,,,,,,,,,,,,,,,,,"-2.5",,,,,,,,,,,,,,,,,,,,,,,,,,,,,,,,,,,,,,,,,,,,,,,,,,,,,,,,,,,,,,,,,,,,,,,,,,,,,,,,,,,,,,,,,,,,,,"-2.38",,,,,,,,,,,,,,,,
"ANZO1",,,,,,,,,,,,,,,,,,,,,,,,,,,,,,,,,,,,,"1.8",,,,,,,,,,,,,,,,,,,,,,,,,,,,,,,,,,,,,,,,,,,,,,,,,"-1.64",,,,,,,,,,,,,,,,,,,,,,,,,,,,,,,,,,,,,,,,,,,,,,,,,,,,,,"1.8",,,,"1.8",,,,"1.8",,,,,,,,,,,,,,,,"-1.8","-1.67",,,,"1.8",,,,,,,,,,,,,"-1.62",,,,,,,,,,,,,,,,
"BIAG2",,,,,,,,,,,,,,,,,,,,,,,,,,,,,,,,,,,,,,,,,,,,,,,,,,,,,,,,,,,,,,,,,,,,,,,,,,,,,,,,,,,,,,,,"-2.51",,,,,,,,,,,,,,,,,,,,,,,,,,,,,,,,,,,,,,,,,,,,,,,,,,,,"1.8",,,,,,,,,,,,,,,,,,,,,,,,,,,,,,,,,,,,,,,,,,"-1.96",,,,,,,,,,,,,,,,
"CATE3",,,,,,,,,,,,,,,,,,,,,,,,,,,,,,,,,,,,,,,,,,,,,,,,,,,,,,,,,,"-1.94",,,,,,,,,,,,,,,,,,,,,,,,,,,,,,,,,,,,,,,,,,,,,,,,,,,,,,,,,,,,,,,,,,,,,,,,,,,,,,,,,,,"1.8",,,,,,,,,,,,,,,,,,,,,,"-2.16",,,,,,,,,,,,,,,,,,,,,,,,,,,,,,,,,,,
"ZOBE",,,,,"-1.73",,,,,"1.8",,,,,,,,,,,,,,,,,,,,,,,,,,,,,,,,,,,,,,,,,,,,,,,,,,,,,,,,,,,,,,,,,,,,,,,,,,,,,,,,,,,,,,,,,,,,,,,,,,,,,,,,,,,,,,,,,,,,,,,,,,,,,,,,,,,,,,,,,,,,,,,,,,,,,,,,,,,"-1.93",,,,,,,,,,,,,,,,,,,,,,,,,,,,,,,,,
"LATE1",,,,,,,,,,,,,,,,,,,,,,,,,,,,,,,,,,,,,,,,,,,,,,,,,,,,,,,,,,,,,,,"1.8",,,,,"2.0",,,,,,,,,,,,,,,,,,,,,,,,,,,,,,,,,,,,,,,,,,,,,,,,,,,,,,,,,,,,,,,,,,,,,,,,,,,,,,,,,,,,,,,,,,,,,,,"-1.9",,,,,,,,,,,,,,,,,,,,"-2.0495",,,,,,,,,,,,,,,
"CARM",,,,,,,,,,,,,,,,,,,,,,,,,,,,,,,,,,,,,,,,,,,,,,,,,,,,,,,,,,,,,,,,,,,,,,,,,,,,,,,,,,,,,,,,,,,,,,,,,,,,,,,,,,,,,,,,,"-2.16",,,,,,,,,,,,,,,,,,,,,,,,,,,,,,,,,,,,,,,,,,,,,,,,,,"-2.2",,,,,,,,,,,,,,,,,,,,,,,,,,,,,,,,,,,
"CATE1",,,,,,,,,,,,,,,,,,,,,,,,,,,,,,,,,,,,,,,,,,,,,,,,,,,,,,,,,,"-1.88",,,,,,,,,,,,,,,,,,,,,,,,,,,,,,,,,,,,,,,,,,,,,,,,,,,,,,,,,,,,,,,,,,,,,,,,,,,,,,,,,,,"1.8",,,,,,,,,,,,,,,,,,,,,,"-2.05",,,,,,,,,,,,,,,,,,,,,,,,,,,,,,,,,,,
"LATE2",,,,,,,,,,,,,,,,,,,,,,,,,,,,,,,,,,,,,,,,,,,,,,,,,,,,,,,,,,,,,,,,,,,,,,,,,,,,,,,,,,,,,,,,,,,,,,,,,,,,,,,,,,,,,,,,,,,,,,,,,,,,,,,,,,,,,,,,,,,,,,,,,,,,,,,,,,,,"2.0",,,,,,,,,,,,,,,,,,,,,,,,,,,"-2.1625",,,,,,,"2.0",,,,,,,,
"CATE2",,,,,,,,,,,,,,,,,,,,,,,,,,,,,,,,,,,,,,,,,,,,,,,,,,,,,,,,,,"-1.77",,,,,,,,,,,,,,,,,,,,,,,,,,,,,,,,,,,,,,,,,,,,,,,,,,,,,,,,,,,,,,,,,,,,,,,,,,,,,,,,,,,"1.8",,,,,,,,,,,,,,,,,,,,,,"-2.02",,,,,,,,,,,,,,,,,,,,,,,,,,,,,,,,,,,
"MAUR",,,,,,,"-1.7",,,,,,,,,,,,,,,,,,,,,,,,,,,,"1.8",,,,,,,,,,,,,,,,,,,,,,,,,,,,,,,,,,,,,,,,,,,,,,,,,,,,,,,,,,,,,"-1.63",,,,,,,,,,,,,,,,,,,,,,,,,,,,,,,,,,,,,,,,,,,,,,,,,,,,,,,,,,,,,,,,,,,,,"-1.71",,,,,,,,,,,,,,,,,,,,,,,,,,,,,,,,,
"CROC",,,,,,,,,,,,,,,,,,,,,,,,,,,,,,,,,,,,,"1.8",,,,,,,,,,,,,,,,,,,,,,,,,,,,,,,,,,,,,,,,,,,,,,,,,,,,,,,,,,,,,,,,,,,,,,,,,,,,,,,,,,,,,,,,,,,,,,,,"1.8",,,,,,,,,,,,,,,,,,,,,,,,,,,,,,,,,,,,,"-1.88",,,,,,,,,,,,,,,,,,,,,,,,,,,,
"BRIA",,,,,,,,,,,,,,,,,,,,,,,,,,,,,,,,,,,,,,,,,,,,,,,,,,,,,,,,,,,,,,,,,,,,,,,,,,,,,,,,,,,,,,,,,,,,,,,,,,,,,,,,,,,,,,,,"-2.05",,,,,,,,,,,,,,,,,,,,,,,,,,,,,,,,,,,,,,,,,,,,,,,,,,,"-2.08",,,,,,,,,,,,,,,,,,,,,,,,,,,,,,,,,,,
"MARC1",,,,,,,,,,,,,,,,,,,,,,,,,,,,,,,,,,,,,,,,,,,,,,,,,,,,,,,,,,,,,,,,,,,,,,,,,"-1.52",,,,,,,,,,,,,,,,,,,,,,,,,,,,,,,,,,,,,,,,,,,,,,,,,,,,,,,,,,,,,,,,,,,,,,,,,,,,,,,,,,,,,,,,,,"-1.53",,,,,,,,,,,,,,,,,,,,,,,,,,,,,,,,,,,
"TRTE",,,,,,,,,,,,,,,,,,,,,,,,,,,,,,,,,,,,,"1.8",,,,,,,,,"1.8",,,,,,,,,,"1.8",,,,,,,,,,,,,,,,,,,,,,,,,,,,,,,,,,,,,,,,,,,,,,,,,,,,,,,,,,,,,,,,,,,,,,,,,,,,,,,,,,,,,,,,,,,,,,,,,,,,,,,,,,,,,,,,,,,,,,,,,,,,,,,,,,,,,,,,,,,,,,
"MARC2",,,,,,,,,,,,,,,,,,,,,,,,,,,,,,,,,,,,,,,,,,,,,,,,,,,,,,,,,,,,,,,,,,,,,,,,,"-1.65",,,,,,,,,,,,,,,,,,,,,,,,,,,,,,,,,,,,,,,,,,,,,,,,,,,,,,,,,,,,,,,,,,,,,,,,,,,,,,,,,,,,,,,,,,"-1.68",,,,,,,,,,,,,,,,,,,,,,,,,,,,,,,,,,,
"ORIO3",,,,,,,,,,,,,,,,,,,,,,,,,,,,,,,,,,,,,,,,,,,,,,,,,,,,,,,"1.8",,"-2.05",,,,,,"1.8",,,,,,,,,"-1.97",,,,,,,,,,,,,,,,,,,,"1.8",,,,,,,,,,,,,,,,,,,,,,,,,,,,,,,,,,,,,,,,,,,,,,,,,,,,,,,,,,,,,,,,,,,,,,,"-1.97",,,,,,,,,,,,,,,,,,,,,"-2.22",,,,,,,,,,,,,,
"MARC3",,,,,,,,,,,,,,,,,,,,,,,,,,,,,,,,,,,,,,,,,,,,,,,,,,,,,,,,,,,,,,,,,,,,,,,,,"-1.72",,,,,,,,,,,,,,,,,,,,,,,,,,,,,,,,,,,,,,,,,,,,,,,,,,,,,,,,,,,,,,,,,,,,,,,,,,,,,,,,,,,,,,,,,,"-1.68",,,,,,,,,,,,,,,,,,,,,,,,,,,,,,,,,,,
"ORIO2",,,,,,,,,,,,,,,,,,,,,,,,,,,,,,,,,,,,,,,,,,,,,,,,,,,,,,,,,,,,,,,,,,,,,"-1.9",,,,,,,,,,,,,,,,,,,,,,,,,,,,,,,,,,,,,,,,,,,,,,,,,,,,,,,,,,,,,,,,,,,,,,,,,,,,,,,,,,,,,,,,,,,,,,,,,,,,,,,,,,,,,,,"1.8",,,,"-1.991",,,,,,,,,,,,,,
"ORIO1",,,,,,,,,,,,,,,,,,,,,,,,,,,,,,,,,,,,,,,,,,,,,,,,,,,,,,,,,,,,,,,,,,,,,"-1.93",,,,,,,,,,,,,,,,,,,,,,,,,,,,,,,,,,,,,,,,,,,,,,,,,,,,,,,,,,,,,,,,,,,,,,,,,,,,,,,,,,,,,,,,,,,,,,,,,,,,,,,,,,,,,,,"1.8",,,,"-1.878",,,,,,,,,,,,,,
"ERBE",,,,,,,,,,,,,,,,,,"-1.55",,,,,,,,"1.8",,,,,,,,,,,,,,,,,,,,,,,,,,,,,,,,,,,,,,,,,,,,,,,,,,,,,,,,,,,,,,,,,,,,,,,,,,,,,,,,,,,"1.8",,,,,,,,,,,,,,,,,,,,,,,,,,,,,,,,,,,,,,,,,,,,,,,,,,,,,,"-1.7",,,,,,,,,,,,,,,,,,,,,"-1.554",,,,,,,,,,,,,,
"ORSO",,,,,,,,,,,,,,,,,,,,,,,,,,,,,,,,,,,,,,,,,,,,,,,,,,,,,,,,,,,,,,,,,,,,,,,,,,,,,,,,,,,,,,"-1.52",,,,,,,,,,,,,,,,"1.8",,,,,,,,,,,,,,,,,,,,,,,"-1.8",,,,,,,,,,,,,,,,,,,,,,,,,,,,,,,,,,,,,,,,,,,,,,,,,,,,,,,,,"-1.44",,,,,,,,,,,,,,,,
"TROV2","2.0",,,,,,,,,,,,,,,,,,,,,,,,,,,,,,,,,,,,,,,,,,,,,,,,,,,,,,,,,,,,,,,,,,,,,,,,,,,,,,,,,,,,,,,,,,,,,,,,,,,,,,,,,,,,,,,,,,,,,,,"-1.85",,,,,,,,,,,,,,,,,,,,,,,,,,,,,,,,,,,,,,,,,,,,,,,,,,,,,,,"2.0",,"2.0",,,,,,,,,,,,,,,,,,,,,
"TROV1",,,,,,,,,,,,,,,,,,,,,,,,,,,,,,,,,,,,,,,,,,,,,,,,,,,,,,,,,,,,,,,,,,,,,,,,,,,,,,,,,,,,,,,,,,,,,,,,,,,,,,,,,,,,,,,,,,,,,,,,,,,,,,,,,,,,,,,,,,,,,,,,,,,,,,,,,,,,,,,,,,,,,,,,,,,,,,,"2.0",,,,,,,,,,,,,,,,,,,,,,,
"TROV3","2.0",,,,,,,,,,,,,,,,,,,,,,,,,,,,,,,,,,,,,,,,,,,,,,,,,,,,,,,,,,,,,,,,,,,,,,,,,,,,,,,,,,,,,,,,,,,,,,,,,,,,,,,,,,,,,,,,,,,,,,,"-2.07",,,,,,,,,,,,,,,,,,,,,,,,,,,,,,,,,,,,,,,,,,,,,,,,,,,,,,,,,,,,,,,,,,,,,,,,,,,,,,
"ORSE",,,,,,,,,,,,,,,,,,,,,,,,,,,,,,,,,,,,,,,,,,,,,,,,,,,,,,,,,,,,,,,,,,,,,,,,,,,,,,,,,,,,,,,,,,,,,,,,,,,,,,,,,,,,,,,,,,,,,,,,,,,,,,,,,,,"-1.93",,,,,,,,,,,,,,,,,,,,,,,,,,,,,,,,,,"-1.91",,,,,,,,,,,,,,,,,,,,,,,,,,,,,,,,,
"TEDE",,,,,,,,,,,,,,,,,,,,,,,,,,,,,,,,,,,,,"-1.8",,,,,,,"1.8",,,,,,,,,,,,,,,,,,,,,,,,,,,,,,,,,,,,,,,,,,,,,,,,,,,,,,,,,,,,,,,,,,,,,,,,,,,,,,,,,,,,,,,,,,,,,,,,,,,,,,,,,,,,,,,,,,,,,,,,,,,,,,,,,,,,,,,,,,,"-2.2185","-2.29",,,,,,,,,,,,,,
"MUNE",,,,,,,,,,,,,,,,,,,,,,,,"1.8","-1.12",,,"-0.91",,,,,,,,,,,,,"-1.05",,,"1.8",,,,,,,"-0.43",,,,"1.8",,,,,,,,,,,,,,,,,,,,,,,,,,,,,,,,,,,,,,,,,,,,,,,,,,,,,,,,,,,,,,,,,,,,,,,,,,,,,,,,,,,,,,,,,,,,,,,,,,,,,,,,,,,,"-1.86",,,,,,,,,,,,,,,,,,,,,"-1.9",,,,,,,,,,,,,,
"VIGN",,,,,,,,,,,,,,,,,,,,,,,,,,,,,,,,,,,,,"1.8",,,,,,,,,,,,,,,,,,,,,,,,,,,,,,,,,,,,,,,,,,,,,,,,,,,,,,,,,,,,,,,,,,,,,,,,,,,,,,,,,,,,,,,,,,,,,,,,,,,,,,,,,,,,,,,,,,,,,,,,,,,,,,"-2.48",,,,,,,,,,,,,,,,,,,,"-2.2465",,,,,,,,,,,,,,,
"ANZO2",,,,,,,,,,,,,,,,,,,,,,,,,,,,,,,,,,,,,,,,,,,,,,,,,,,,,,,,,,,,,,,,,,,,,,,,,,,,,,,,,,,,,,"-1.79",,,,,,,,,,,,,,,,,,,,,,,,,,,,,,,,,,,,,,,,,,,,,,,,,,,,,,,,,,"1.8",,,,,,,,,,,,,,,,,,,,"-1.8","-1.99",,,,"1.8",,,,,,,,,,,,,,,,,,,,,,,,,,,,,
"VERG2",,,,,,,,,,,,,,,,,,,,,,,,,,,,,,,,,,,,,,,,,,,,,,,,,,,,,,,,,,,,,,,,,,,,,,,,,,,,,,,,,,,,,,,,,,,,,,,,,,,,,,,,,,,,,,,,,,,,,,,,,,,,,,,,,,,"-1.99",,,,,,,,,,,,,,,,,,,,,,,,,,,,,,,,"-1.88",,,,,,,,,,,,,,,,,,,,"-2.2305",,,,,,,,,,,,,,,
"VERG1",,,,,,,,,,,,,,,,,,,,,,,,,,,,,,,,,,,,,,,,,,,,,,,,,,,,,,,,,,,,,,,,,,,,,,,,,,,,,,,,,,,,,,,,,,,,,,,,,,,,,,,,,,,,,,,,,,,,,,,,,,,,,,,,,,,"-1.56",,,,,,,,,,,,,,,,,,,,,,,,,,,,,,,,"-1.88",,,,,,,,,,,,,,,,,,,,"-1.8985",,,,,,,,,,,,,,,
"LUST",,,,,,,,,,,,,,,,,,,,,,,,,,,,,,,,,,,,,,,,,,,,,,,,,,,,,,,,,,,,,,,,,,,,,,,,,,,,,,,,,,,,,,,,,,,,,,,,,,,,,,,,,,,,,,,,,,,,,,,,,,,"-1.76",,,,,,,,,,,,,,,,,,,,,,,,,,,,,,,,,,,,,,,,"-1.96",,,,,,,,,,,,,,,,,,,,,,,,,,,,,,,,,,,
"GRIM1",,,,,,,,,,,,,,,,,,,,,,,,,,,,,,,,,,,,,,,,,,,,,,,,,,,,,,,,,,,,,,,,,,,,,,,,"-1.53",,,,,,,,,,,,,,,,,,,,,,,,,,,,,,,,,,,,,,,,,,,,,,,,,,,,,,,,,,,,,,,,,,,,,,,,,,,,,,,,,,,,,,,,,,,"-1.94",,,,,,,,,,,,,,,,,,,,,,,,,,,,,,,,,,,
"GIUD01",,,,,,,,,,,,,,,,,,,,,,,,,,,,,,,,,,,,,,,,,,"1.8",,,,,,,,,,,,,,,,,,,,,,,,,,,,,,,,,,,,,,,,,,,,,,,,,,,,,,,,,,,,,,,,,,,,,,,,,,,,,,,,,,,,,,,,,,,,,,,,,,,,,,,,,,,,,,,,,,,,,,,,,,,,,,,,,,,,,,,,,,,,,,,,,,,,,,,,,,,,
"GRIM2",,,,,,,,,,,,,,,,,,,,,,,,,,,,,,,,,,,,,,,,,,,,,,,,,,,,,,,,,,,,,,,,,,,,,,,,"-0.91",,,,,,,,,,,,,,,,,,,,,,,,,,,,,,,,,,,,,,,,,,,,,,,,,,,,,,,,,,,,,,,,,,,,,,,,,,,,,,,,,,,,,,,,,,,"-1.88",,,,,,,,,,,,,,,,,,,,,,,,,,,,,,,,,,,
"GIOR1",,,,,,,,,,,,,,,,,,,,,,,,,,,,,,,,,,,,,,,,,,,,,,,,,,,,,,,,,,,,,,,,,,,,,,,,,,,,,,,,,,,,,,,,,,,,,,,,,,,,,,,,,,,,,,,,,,,,,,,,,,,,,,,,,,,,,,,,,,,,,,,,,,,,,,,,,,,,,,,,,,,,,,,,,,"-5.27",,,,,,,,,,,,,,,,,,,,,,,,,,,,
"GIOR2",,,,,,,,,,,,,,,,,,,,,,,,,,,,,,,,,,,,,,,,,,,,,,,,,,,,,,,,,,,,,,,,,,,,,,,,,,,,,,,,,,,,,,,,,,,,,,,,,,,,,,,,,,,,,,,,,,,,,,,,,,,,,,,,,,,,,,,,,,,,,,,,,,,,,,,,,,,,,,,,,,,,,,,,,,"-3.13",,,,,,,,,,,,,,,,,,,,,,,,,,,,
"SCUD1",,,,,,,,,,,,,,,,,,,,,,,,,,,,,,,,,,,,,"1.8",,,,,,,,,,,,,,,,,,,,,,,,,,,,,,,,,,,,,,,,,,,,,,,,,,,,,,,,,,,,,,,,,,,,,,,,,,,,,,,,,,,,,,,,,,,,,,,,,,,,,,,,,,,,,,,,,,,,,,,,,,,,,,"-2.17",,,,,,,,,,,,,,,,,,,,"-2.1295",,,,,,,,,,,,,,,
"SCUD2",,,,,,,,,,,,,,,,,,,,,,,,,,,,,,,,,,,,,"1.8",,,,,,,,,,,,,,,,,,,,,,,,,,,,,,,,,,,,,,,,,,,,,,,,,,,,,,,,,,,,,,,,,,,,,,,,,,,,,,,,,,,,,,,,,,,,,,,,,,,,,,,,,,,,,,,,,,,,,,,,,,,,,,"-1.78",,,,,,,,,,,,,,,,,,,,"-1.8935",,,,,,,,,,,,,,,
"ASSA01",,,,,,,,,,,,,,,,,,,,,,,,,,,,,,,,,,,,,,,,,,"1.8",,,,,,,,,,,,,,,,,,,,,,,,,,,,,,,,,,,,,,,,,,,,,,,,,,,,,,,,,,,,,,,,,,,,,,,,,,,,,,,,,,,,,,,,,,,,,,,,,,,,,,,,,,,,,,,,,,,,,,,,,,,,,,,,,,,,,,,,,,,,,,,,,,,,,,,,,,,,
"ZUAN",,,,,,,,,,,,,,,,,,,,,,,,,,,,,,,,,,,,,,,,,,,,"1.8",,,,,,,"-1.52",,,,"1.8",,,,,,,,"1.8",,,"1.8",,,,,,,,,,,,,,,,,,,,,,,,,,,,,,,,,,,,,,,,,,,,,,,,,,,,,,,,,,,,,,,,,,,,,,,,,,,,,,,,,,,,,,,,,,,,,,,,,"-1.89",,,,,,,,,,,,,,,,,,,,,"-1.94",,,,,,,,,,,,,,
"GOZZ",,,,,,,,,,,,,,,,,,,,,,,,,,,,,,,,,,,,,"1.8",,,,,,,,,,,,,,,,,,,,,,,,,,,,,,,,,,,,,,,,,,,,,,,,,,,,,,,,,,,,,,,,,,,,,,,,,,,,,,,,,,,,,,,,,,,,,,,,,,,,,,,,,,,,,,,,,,,,,,,,,,,,,,"-2.24",,,,,,,,,,,,,,,,,,,,,,,,,,,,,,,,,,,
"TERR01",,,,,,,,,,,,,,,,,,,,,,,,,,,,,,,,,,,,,,,,,,,,,,,,,"1.8",,,,,,,,,,,,,,,,,,,,,,,,,,,,,,,,,,,,,,,,,,,,,,,,,,,,,,,,,,,,,,,,,,,,,,,,,,,,,,,,,,,,,,,,,,,,,,,,,,,,,,,,,,,,,,,,,,,,,,,,,,,,,,,,,,,,,,,,,,,,,,,,,,,,,
"ASSA02",,,,,,,,,,,,,,,,,,,,,,,,,,,,,,,,,"1.8",,,,,,,,,"1.8",,,,,,,,,,,,,,,,,,,,,,,,,,,,,,,,,,,,,,,,,,,,,,,,,,,,,,,,,,,,,,,,,,,,,,,,,,,,,,,,,,,,,,,,,,,,,,,,,,,,,,,,,,,,,,,,,,,,,,,,,,,,,,,,,,,,,,,,,,,,,,,,,,,,,,,,,,,,
"CHIA1",,,,,,,,,,,,,,,,,,,,,,,,,,,,,,,,,,,,,,,,,,,,,,,,,,,,,,,,,,,,,,,,,,,,,,,,,,,,,,,,,,,,,,,,,,,,,,,,,,,,,,,,,,,,,,,,,,,,,,,,,,,,,,,,,,,,,,,,,,,,,,,,,,,,,,,,,,,,,,,,,,,,,,,,"-3.7",,,,,,,,,,,,,,,,,,,,,,,,,,,,,,
"PIOM1",,,,,,,,,,,,,,,,,,,,,,,,,,,,,,,,,,,,,,"-0.86",,,,,,"1.8",,,,,,,,,,,,,,,,,,,"1.8",,,,,,,,,,,,,,,"1.8","-1.8",,,,,,,,,,,,,,,,,,,,,,,,,,,,,,,,,,,,,,,,,,,,,,,,,,,,,,,,,,,,,,,,,,,,,,,,,,,,,,,,,,,,,,,,,,,,,,,,,,,,,,,,"-1.7985",,,,,,,,,,,,,,,
"CHIA2",,,,,,,,,,,,,,,,,,,,,,,,,,,,,,,,,,,,,,,,,,,,,,,,,,,,,,,,,,,,,,,,,,,,,,,,,,,,,,,,,,,,,,,,,,,,,,,,,,,,,,,,,,,,,,,,,,,,,,,,,,,,,,,,,,,,,,,,,,,,,,,,,,,,,,,,,,,,,,,,,,,,,,,,"-3.03",,,,,,,,,,,,,,,,,,,,,,,,,,,,,,
"PIOM2",,,,,,,,,,,,,,,,,,,,,,,,,,,,,,,,,,,,,,,,,,,,,,,,,,,,,,,,,,,,,,,,,,,,,,,,,,,,,,"1.8","-1.8",,,,,,,,,,,,,,,,,,,,,,,,,,,,,,,,,,,,,,,,,,,,,,,,,,,,,,,,,,,,,,,,,,,,,,,,,,,,,,,,,,,,,,,,,,,,,,,,,,,,,,,,"-2.0185",,,,,,,,,,,,,,,
"TREP3",,,,,,,,,,,,,,,,,,,,,,,,,,,,,,,,,,,,,,,,,,,,,,,,,,,,,,,,,,,,,,,,,,,,,,,,,,,,,,,,,,,,,,,,,,,,,,,,,,,,,,,,,,,,,,,,"-2.05",,,,,,,,,,,,,,,,,,,,,,,,,,,,,,,,,,,,,,,,,,,,,,,,,,,"-1.88",,,,,,,,,,,,,,,,,,,,,,,,,,,,,,,,,,,
"LAVR",,,,,,,,,,,,,,,,,,,,,,,,,,,,,,,,,,,,,,,,,,,,,,,,,,,,,,,,,,,,,,,,,,,,,,,,,,,,,,,,,,,,,,,,,,,,,,,,,,,,,,,"-4.2",,,,,,,,,,,,,,,,,,,,,,,,,,,,,,,,,,,,,,,,,,,,,,,,,,,,,,,,,,,,,,,,,,,,,,,,,,,,,,,"-4.27",,,,,,,,,,,,,,,,
"TREP2",,,,,,,,,,,,,,,,,,,,,,,,,,,,,,,,,,,,,,,,,,,,,,,,,,,,,,,,,,,,,,,,,,,,,,,,,,,,,,,,,,,,,,,,,,,,,,,,,,,,,,,,,,,,,,,,"-2.0",,,,,,,,,,,,,,,,,,,,,,,,,,,,,,,,,,,,,,,,,,,,,,,,,,,"-1.98",,,,,,,,,,,,,,,,,,,,,,,,,,,,,,,,,,,
"TREP1",,,,,,,,,,,,,,,,,,,,,,,,,,,,,,,,,,,,,,,,,,,,,,,,,,,,,,,,,,,,,,,,,,,,,,,,,,,,,,,,,,,,,,,,,,,,,,,,,,,,,,,,,,,,,,,,"-1.92",,,,,,,,,,,,,,,,,,,,,,,,,,,,,,,,,,,,,,,,,,,,,,,,,,,"-1.84",,,,,,,,,,,,,,,,,,,,,,,,,,,,,,,,,,,
"MAGA",,,,,,,,,,,,,,,,,,,,,,,,,,,,,,,,,,,,,,,,,,,,,,,,,,,,,,,,,,,,,,,,,,,,,,,,,,,,,,,,,,,,,,,,,,,,,,,,,,,,,,,,,,,,,,,,,,,,,,,,,,,,,,,,,,,,,,,,,,,,,,,,,,,,,,,,,,,,,,,,,,,,,,,"-1.2",,,"-1.8",,,,,,,,,,,,,,,,,,,,,,,,,,,,
"LEPA02",,,,,,,,,,,,,,,,,,,,,,,,,,,,,,,,,,,,,,,,,,,,,,,,,,,,,,,,,,,,,,,,,,,,,,,,,,,,,,,,,,,,,,,,,,,,,,,,,,,,,,,,,,,,,,,,,,,,,,,,,,,,,,,,,,,,,,,,,,,,,,,,,,,,,,,,,,,,,,,,,,,,,,,,,,,,"1.8",,,,,,,,,,,,,,,,,,,,,,,"1.8",,,
"LEPA03",,,,,,,,,,,,,,,,,,,,,,,,,,,,,,,,,,,,,,,,,,,,,,,,,,,,,,,,,,,,,,,,,,,,,,,,,,,,,,,,,,,,,,,,,,,,,,,,,,,,,,,,,,,,,,,,,,,,,,,,,,,,,,,,,,,,,,,,,,,,,,,,,,,,,,,,,,,,,,,,,,,,,,,,,,,,"1.8",,,,,,,,,,,,,,,,,,,,,,,,,,
"LEPA01",,,,,,,,,,,,,,,,,,,,,,,,,,,,,,,,,,,,,,,,,,,,,,,,,,,,,,,,,,,,,,,,,,,,,,,,,,,,,,,,,,,,,,,,,,,,,,,,,,,,,,,,,,,,,,,,,,,,,,,,,,,,,,,,,,,,,,,,,,,,,,,,,,,,,,,,,,,,,,,,,,,,,,,,,,,,"1.8",,,,,,,,,,,,,,,,,,,,,,,"1.8",,,
"MIRA",,,,,,,,,,,,,,,,,,,,,,,,,,,,,,,,,,,,"1.8",,"-1.3",,,,,,"1.8",,,,,,,,,,,,,,,,,,,"1.8",,,,,,,,,,,,,,,,,,,,,,,,,,,,,,,,,,,,,,,,,,,,,,,,,,,,,,,,,,,,,,,,,,,,,,,,,,,,,,,,,,,,,,,,,,,,,,,,,,,,"-1.65",,,,,,,,,,,,,,,,,,,,"-1.8585",,,,,,,,,,,,,,,
"ZIRA1",,,,,,,,,,,,,,,,,,,,,,,,,,,,,,,,,,,,,,,,,,,,,,,,,,,,,,,,,,,,,,,,,,,,,,,,,,,,,,,,,,,,,,,,,,,,,,,,,,,,,,,,,,,,,,"-1.83",,,,,,,,,,,,,,,,,,,,,,,,,,,,,,,,,,,,,,,,,,,,,,,,,,,,,"-1.91",,,,,,,,,,,,,,,,,,,,,,,,,,,,,,,,,,,
"BARN1",,"1.8",,,,,,,,,,,,,,,,,,,,,,,,,,,,,,,,,,,,,,,,,,,,,,,,,,,,,,,,,,,,,,,,,,,,,,,,,,,,,,,,,,,,,,,,,,,,,,,,,,,,,,,,,,,,,,,,,,,,,"-2.0",,,,,,,,,,,,,,,,,,,,,,,,,,,,,,,,,,,,,,,,,,,,,,,,,,,,,,,,"1.8",,"1.8",,,,,,,,,,,,,,,,,,,,,
"BARN2",,"1.8",,,,,,,,,,,,,,,,,,,,,,,,,,,,,,,,,,,,,,,,,,,,,,,,,,,,,,,,,,,,,,,,,,,,,,,,,,,,,,,,,,,,,,,,,,,,,,,,,,,,,,,,,,,,,,,,,,,,,"-1.56",,,,,,,,,,,,,,,,,,,,,,,,,,,,,,,,,,,,,,,,,,,,,,,,,,,,,,,,"1.8",,"1.8",,,,,,,,,,,,,,,,,,,,,
"WIDM3",,,,,,,,,,,,,,,,,,,,,,,,,,,,,,,,,,,,,,,,,,,,,,,,,,,,,,,,,,,,,,,,,,,,,,,,,,,,,,,,,,,,"-1.62",,,,,,,,,,,,,,,,,,,,,,,,,,,,,,,,,,,,,,,,,,,,,,,,,,,,,,,,,,,,,,,,,,,,,,,,,,,,,,,,,,,,,,,,,,,,,,,,,,,,,,,,,,,,,,,,,,
"TORE",,,,,,,,,,,,,,,,,,,,,,,,,,,,,,,,,,,,,,,,,,,,,,,,,,,,,,,,,,"-1.57",,,,,,,,,,,,,,,,,,,,,,,,,,,,,,,,,,,,,,,,,,,,,,,,,,,,,,,,,,,,,,,,,,,,,,,,,,,,,,,,,,,,,"1.8",,,,,,,,,,,,,,,,,,,,,,,,,,,,,,,,,,,,,,,,,,,,,,,,,"1.8",,,,,,
"FRAR2",,,,,,,,,,,,,,,,,,,,,,,,,,,,,,,,,,,,,,,,"-0.92",,,,"1.8",,,,,,,,,"1.8",,,,,,,,,,,,,,,,,,,,,,,,,,,,,,,,,,,,,,,,,,,,,,,,,,,,,,,,,,,,,,,,,,,,,,,,,,,,,,,,,,,,,,,,,,,,,,,,,,,,,,,,,,,,,,"-1.43",,,,,,,,,,,,,,,,,,,,,,,,,,,,,,,,,,,
"FRAR1",,,,,,,,,,,,,,,,,,,,,,,,,,,,,,,,,,,,,,,,,,,,"1.8",,,"-1.38",,,,"-1.03",,"1.8",,,,,,,,,,,,,,,,,,,,,,,,,,"1.8",,,,,,,,,,,,,,,,,,,,,,,,,,,,,,,,,,,,,,,,,,,,,,,,,,,,,,,,,,,,,,,,,,,,,,,,,,,,,,,,,,,,"-1.61",,,,,,,,,,,,,,,,,,,,,,,,,,,,,,,,,,,
"ZIRA2",,,,,,,,,,,,,,,,,,,,,,,,,,,,,,,,,,,,,,,,,,,,,,,,,,,,,,,,,,,,,,,,,,,,,,,,,,,,,,,,,,,,,,,,,,,,,,,,,,,,,,,,,,,,,,,"-1.87",,,,,,,,,,,,,,,,,,,,,,,,,,,,,,,,,,,,,,,,,,,,,,,,,,,,,,,,,,,,,,,,,,,,,,,,,,,,,,,,,,,,,,,
"PEST2",,,,,,,,,,,,,,,,,,,,,,,,,,,,,,,,,,,,,,,,,,,,,,,,,,,,,,,,,,,,,,,,,,,,,,,,,,,,,,,,,,,,,,,,,,,,,,,,,,,,,"1.8",,"-1.8",,,,,,,,,,,,,,,,,,,,,,,,,,,,,,,,,,,,,"1.8",,,,,,,,,,,,,,,,,,,,,,,"-2.06",,,,,,,,,,,,,,,,,,,,"-1.9675",,,,,,,,,,,,,,,
"PIET",,,,,,,,,,,,,,,,,,,,,,,,,,,,,,,,,,,,,,,,,,,,,,,,,,,,,,,,,,,,,,,,,,,,,,,,,,,,,,,,,,,,,,,,,,,,,,,,,,,,,,,,,,,,,,,,,,,,,,,,,,,,,,,,,,,,,,,,,,,,,,,,,,,,"2.0",,,,,,,,,,"-2.76",,,,,,,,,,,,,,,,,,,,,,,,,"-1.9095",,,,,,,,,,,,,,,
"WIDM1",,,,,,,,,,,,,,,,,,,,,,,,,,,,,,,,,,,,,,,,,,,,,,,,,,,,,,,,,,,,,,,,,,,,,,,,,,,,,,,,,,,,"-1.97",,,,,,,,,,,,,,,,,,,,,,,,,,,,,,,,,,,,,,,,,,,,,,,,,,,,,,,,,,,,,,,,,,,,,,,,,,,,,,,"-2.24",,,,,,,,,,,,,,,,,,,,,,,,,,,,,,,,,,,
"WIDM2",,,,,,,,,,,,,,,,,,,,,,,,,,,,,,,,,,,,,,,,,,,,,,,,,,,,,,,,,,,,,,,,,,,,,,,,,,,,,,,,,,,,"-1.37",,,,,,,,,,,,,,,,,,,,,,,,,,,,,,,,,,,,,,,,,,,,,,,,,,,,,,,,,,,,,,,,,,,,,,,,,,,,,,,"-1.59",,,,,,,,,,,,,,,,,,,,,,,,,,,,,,,,,,,
"MOIS",,,,,,,,,,,,,"-1.89","1.8",,"-1.92",,,,"1.8",,,,,,,,,,,,,,,,,,,,,,,,,,,,,,,,,,,,,,,,,,,,,,,,,,,,,,,,,,,,,,,,,,,,,,,,,,,,,,,,,,,,,,,,,,,,,,,,,,,,,,,,,,,,,,,,,,,,,,,,,,,,,,,,,,,,,,,,,,,,,,,,,"-2.22",,,,,,,,,,,,,,,,,,,,,,,,,,,,,,,,,
"PEST1",,,,,,,,,,,,,,,,,,,,,,,,,,,,,,,,,,,,,,"-1.3",,,,,,,,,,,,,,,,,,,,,,,,,"1.8",,,,,,,,,,,,,,,,,,,,,,,,,,,,,,,,,,,,,,"1.8",,,,,,,,,,,,,,,,,,,,,,,,,,,,,,,,,,,,,,,"1.8",,,,,,,,,,,,,,,,,,,,,,,"-1.86",,,,,,,,,,,,,,,,,,,,"-1.9665",,,,,,,,,,,,,,,
"CINI",,,,,,,,,,,,,,,,,,,,,,,,,,,,,,,,,,,,,,,,,,,,,,,,,,,,,,,,,,,,,,,,,,,,,,,,,,,,,,,,,,,,,,,,,,,,,,,,,,,,,,,,,,,,,,,,,,,,,,,,,,,,,,,,,,,,,,,,,,,,,,,,,,,,,,,,,,,,,,,,,,,,,,,,,,"-3.03",,,,,,,,,,,,,,,,,,,,,,,,,,,,
"SACM",,,,,,,,,,,,,,,,,,,,,,,,,,,,,,,,,,,,,,,,,,,,,,,,,,,,,,,,,,,,,,,,,"-1.7",,,,,,,,,,,,,,,,,,,,,,,,,,,,,,,,,,,,,,,,,"-3.98",,,,,,,,,,,,,,,,,,,,"-3.98",,,,,,,,,,,,,,,,,,,,,,,,,,,,,,,,,,,,,,,,,,,,,,,,,,,,,,,,,,,,,,,,,,,,,,,,
"CASS2",,,,,,,,,,,,,,,,,,,,,,,,,,,,,,,,,,,,,,,,,,,,,,,,,,,,,,,,,,"-0.88",,,,,,,,,,,,,,,,,,,,,,,,,,,,,,,,,,,,,,,,,,,,,,,,,,,,,,,,,,,,,,,,,,,,,,,,,,,,,,,,,,,,,,,"1.8","1.8",,,,"1.8",,,,,,,,,,,,,"-1.9",,,,,,,,,,,,,,,,,,,,,"-1.564",,,,,,,,,,,,,,
"MADA2",,,,,,,,,,,,,,,,,,,,,,,,,,,,,,,,,,,,,"1.8",,,,,,,,,,,,,,,,,,,,,,,,,,,,,,,,,,,,,"-1.93",,,,,,,,,,,,,,,,,,,,,,,,,,,,,,,,,,,,,,,,,,,,,,,,,,,,,,,,,,,,,,,,,,,,,,,,,,,,,,,,,,,,,,,,,"-2.17",,,,,,,,,,,,,,,,,,,,,,,,,,,,,,,,,,,
"MADA1",,,,,,,,,,,,,,,,,,,,,,,,,,,,,,,,,,,,,"1.8",,,,,,,,,,,,,,,,,,,,,,,,,,,,,,,,,,,,,"-1.61",,,,,,,,,,,,,,,,,,,,,,,,,,,,,,,,,,,,,,,,,,,,,,,,,,,,,,,,,,,,,,,,,,,,,,,,,,,,,,,,,,,,,,,,,"-1.95",,,,,,,,,,,,,,,,,,,,,,,,,,,,,,,,,,,
"CASS1",,,,,,,,,,,,,,,,,,,,,,,,,,,,,,,,,,,,,,,,,,,,,,,,,,,,,,,,,,"-1.33",,,,,,,,,,,,,,,,,,,,,,,,,,,,,,,,,,,,,,,,,,,,,,,,,,,,,,,,,,,,,,,,,,,,,,,,,,,,,,,,,,,,,,,,,,,,"1.8",,,,,,,,,,,,,"-1.86",,,,,,,,,,,,,,,,,,,,,"-1.696",,,,,,,,,,,,,,
"MISE6",,,,,,,,,,,,,,,,,,,,,,,,,,,"-1.58",,"1.8",,,,,,,,,,"1.8",,,,,,,,,,,,,,,,,,,,,,,,,,,,,,,,,,,,,,,,,,,,,,,,,,,,,,,,,,,,,,,,,,,,,,,,,,,,,,,,,,,,,,,,,,,,,,,,,,,,,,,,,,,,,,,,,,,,,,,,,,,,"-2.13",,,,,,,,,,,,,,,,,,,,,,,,,,,,,,,,,,,
"SACB1",,,,,,,,,,,,,,,,,,,,,,,,,,,,,,,,,,,,,,,,,,,,,,,,,,,,,,,,,,"-1.99",,,,,,,,,,,,,,,,,,,,,,,,,,,,,,,,,,,,,,,,,,,,,,,,,,,,,,,,,,,,,,,,,,,,,,,,,,,,,,,,,,,,,,,,,,,,,,,,,,,,,,,,,,,,,,,,,,,,,,,,,,,,"-2.31",,,,,,,,,,,,,,,,
"MISE5",,,,,,,,,,,,,,,,,,,,,,,,,,,"-1.6",,,,,,,,,,,,"1.8",,,,,,,,,,,,,,,,,,,,"1.8",,,,,,,,,,,,,,,,,,,,,,,,,,,,,,,,,,,,,,,,,,,,,,,,,,,,,,,,,,,,,,,,,,,,,,,,,,,,,,,,,,,,,,,,,,,,,,,,,,,,,,,,"-2.24",,,,,,,,,,,,,,,,,,,,,,,,,,,,,,,,,,,
"SACB2",,,,,,,,,,,,,,,,,,,,,,,,,,,,,,,,,,,,,,,,,,,,,,,,,,,,,,,,,,,,,,,,,,,,,,,,,,,,,,,,,,,,,,,,,,,,,,,,,,,,,,,,,,,,,,,,,,,,,,,,,,,,,,,,,,,,,,,,,,,,,,,,,,,,,,,,,,,,,,,,,,,,,,,,,,,,,,,,,,,,,,"-2.79",,,,,,,,,,,,,,,,
"MISE4",,,,,,,,,,,,,,,,,,,,,,,,,,,"-1.36",,,,,,,,,,,,,,,,,,,,,,,,,,,,,,,,"1.8",,,,,,,,,,,,,,,,,,,,,,,,,,,,,,,,,,,,,,,,,,,,,,,,,,,,,,,,,,,,,,,,,,,,,,,,,,,,,,,,,,,,,,,,,,,,,,,,,,,,,,,,"-2.4",,,,,,,,,,,,,,,,,,,,,,,,,,,,,,,,,,,
"MISE3",,,,,,,,,,,,,,,,,,,,,,,,,,,"-1.42",,,,,,,,,,,,,,,,,,,,,,,,,,,,,,,,"1.8",,,,,,,,,,,,,,,,,,,,"1.8",,,,,,,,,,,,,,,,,,,,,,,,,,,,,,,,,,,,,,,,,,,,,,,,,,,,,,,,,,,,,,,,,,,,,,,,,,,,,,,,,,,,"-2.36",,,,,,,,,,,,,,,,,,,,,,,,,,,,,,,,,,,
"CORN",,,,,,,,,,,,,,,,,,,,,,,,,,,,,,,,,,,,,,,,,,,,,,,,,,,,,,,,,,,,,,,,,,,,,,,,,,,,,,,,,,,,,,"-1.62",,,,,,,,,,,,,,,,,,,,,,,,,,,,,,,,,,,,,,,,,,,,,,,,,,,,,,"-1.8",,,,,,,,"1.8",,,,,,,,,,,,,,,,,,,,,"1.8",,,,,,,,,,,,,"-1.63",,,,,,,,,,,,,,,,
"MISE2",,,,,,,,,,,,,,,,,,,,,,,,,,,,,,,,,,,,,,,,,,,,,,,,"-1.57",,,,,,"1.8",,,,,"1.8",,,,,,,,,,,,,,,,,,,,"1.8",,,,,,,,,,,,,,,,,,,,,,,,,,,,,,,,,,,,,,,,,,,,,,,,,,,,,,,,,,,,,,,,,,,,,,,,,,,,,,,,,,,,"-1.91",,,,,,,,,,,,,,,,,,,,,,,,,,,,,,,,,,,
"MISE1",,,,,,,,,,,,,,,,,,,,,,,,,,,,,,,,,,,,,"1.8",,,,,,,"-1.56",,"1.8",,,,,,,,"1.8",,,,,,,,,,,,,,,,,,,,,,,,,,,,,,,,,,,,,,,,,,,,,,,,,,,,,,,,,,,,,,,,,,,,,,,,,,,,,,,,,,,,,,,,,,,,,,,,,,,,,,,,,,,,,"-2.16",,,,,,,,,,,,,,,,,,,,,,,,,,,,,,,,,,,
"2TOR1",,,,,,,,,,,,,,,,,,,,,,,,,,,,,,,,,,,,,"1.8",,,,,,,,,,,,,,,,,,,,,,,,,,,,,,,,,,,,,,,,,,,,,,,,,,,,,,,,,,,,,,,,,,,,,,,,,,,,,,,,,,,,,,,,,,,,,,,,,,,,,,,,,,,,,,,,,,,,,,,,,,,,,,,,,,,,,,,,,,,"1.8",,,,,,,,"-1.855",,,,,,,,,,"1.8",,,,
"2TOR2",,,,,,,,,,,,,,,,,,,,,,,,,,,,,,,,,,,,,,,,,,,"-1.8",,,,,,,,,,"1.8",,,,,,,,,,,,,,,,,,,,,,,,,,,,,,,,,,,,,,,,,,,,,,,,,,,,,,,,,,,,,,,,,,,,,,,,,,,,,,,,,,,,,,,,,,,,,,,,,,,,,,,,,,,,,,"-1.61",,,,,,,,,,,,,,,,,,,,,"-1.638",,,,,,,,,,,,,,
"QUIN",,,,,,,,,,,,,,,,,,,,,,,,,,,,,,,,,,,,,,,,,,,,,,,,,,,,,,,,,,,,,,,,,,,,,,,,,,,,,,,,,,,,,,,,,,,,,,,,,,,,,,,,,,,,,,,,,,,,,,,,,,,,,,,,,,,,,,,,,,"-2.78",,,,,,,,,,,,,,,,,,,,,,,,,,,,,,,,"-2.44",,,,,,,,,,,,,"-2.2585",,,,,,,,,,,,,,,
"GAFF",,,,,,,,,,,,,,,,,,,,,,,,,,,,,,,,,,,,,,,,,,,,,,,,,,,,,,,,,,,,,,,,,,,,,,,,,,,,,,,,,,,,,,,,,,,,,,,,,,,,,,,,,,,,,,,,,,,,,,,,,,,,,,,,,,,,,,,,,,,,,,,,,,,,,"-1.45",,,,,,,,"-1.63",,,,,,,,,"-1.8",,,,"-1.8",,,,,"1.8",,,,"1.8",,,,,,,,,,,,,,,,,,,
"VETR01",,,,,,,,,,,,,,,,,,,,,,"1.8",,,,,,,,,,,,,,,,,,,,,,,,,,,,,,,,,,,,,,,,,,,,,,,,,,,,,,,,,,,,,,,,,,,,,,,,,,,,,,,,,,,,,,,,,,,,,,,,,,,,,,,,,,,,,,,,,,,,,,,,,,,,,,,,,,,,,,,,,,,,,,,,,,,,,,,,,,,,,,,,,,,,,,,,,,,,,,,,
"ROMI",,,,,,,,,,,,,,,,,,,,,,,,,,,,,,,,,,,,,,,,,,,,,,,,,,,,,,,,,,,,,,,,,,,,,,,,,,,,,,,,,,,,,,,,,,,"-2.11",,,,,,,,,,,,,,,,,,,,,,,,,,,,,,,,,,,,,,,,,,,,,,,,,,,,,,,,,"-1.8",,,,,,,,,,,,,"-1.8",,,,,,,,"1.8",,,,,,,,,,,,,,,,,,,,,,,,,,,,,
"CELE",,,,,,,,,,,"1.8",,,,,,,,,,,,,,,,,,,,,,,,,,,,,,,,,,,,,,,,,,,,,,,,,,,,,,,,,,,,,,,,,,,,,,,,,,,,,,,,,,,,,,,,,,,,,,,,,,,,,,,,,,,,,,,,,"-2.08",,,,,,,,,,,,,,,,,,,,,,,,,,,,,,,,,,,,,,,,,,,,,,,,,,,,,,,,,,,"-1.8035",,,,,,,,,,,,,,,
"PROC",,,,,,,,,,,,,,,,,,,,,,,,,,,,,,,,,,,,,,,,,,,,,,,,,,,,,,,,,,,,,,,,,,,,,,,,,,,,,,,,,,,,,,,,,,,,,,,,,,,,,,,,,,,,,,,,,,,,,,,,,,,,,,,,,,,"-1.49",,,,,,,,,,,,,,,,,,,,,,,,,,,,,,,,,,"-1.41",,,,,,,,,,,,,,,,,,,,,,,,,,,,,,,,,
"SEBA",,,,,,,,,,,,,,,,,,,,,,,,,,,,,,,,,,,,,,,,,,,,,,,,,,,,,,,,,,,,,,,,,,,,,,,,,,,,,,,,,,,,,,,,,,,,,,,,,,,,,,,,,,,,,,,,,,"-2.18",,,,,,,,,,,,,,,,,,,,,,,,,,,,,,,,,,,,,,,,,,,,,,,,,"-1.95",,,,,,,,,,,,,,,,,,,,,,,,,,,,,,,,,,,
"TOLE",,,,,,,,,,,,,,,,,,,,,,,,,,,,,,,,,,,,,,,,,,,,,,,,,,,,,,,,,,,,,,,,,,,,,,,,,,,,,,,,,,,,,,,,,,,,,,,,,,,,,,,,,,,,,,,,,,,,,,,,,,,,,,,,,,,,,,,,,,,,,,,,,,,,,,,,,,,,,"-1.4",,,,,,,,,"-1.63","-1.65",,,"-1.8",,,,,"1.8",,,,,,,,,,,,,,,,,,,,,,,
"MELO",,,,,,,,,,,,,,,"1.8",,,,,,,,,,,,,,,,,,,,,,,,,,,,,,,,,,,,,,,,,,,,,,,,,,,,,,,,,,,,,,,,,,,,,,,,,,,,,,,,,,,,,,,,,,,,,,,,,,,,,,,,,,,,,,,,,,,,,"-1.52",,,,,,,,,,,,,,,,,,,,,,,,,,,,,,,"-1.53",,,,,,,,,,,,,,,,,,,,,"-1.585",,,,,,,,,,,,,,
"TENT2",,,,,,,,,,,,,,,,,,,,,,,,,,,,,,,,,,,,,"1.8",,,,,,,,,,,,,,,,,,,,,,,,,,,,,,,,,,,,,,,,,,,,,,,,,,,,,,,,,,,,,,,,,,,,,,,,,,,,,,,,,,,,,,,,,,,,,,,,,,,,,,,,,,,,,,,,,,,,,,,,,,,,,,"-1.86",,,,,,,,,,,,,,,,,,,,,,,,,,,,,,,,,,,
"TENT1",,,,,,,,,,,,,,,,,,,,,,,,,,,,,,,,,,,,,,,,,,,,,,,,,,,,,,,,,,,,,,,,,,,,,,,,,,,,,,,,,,,,,,,,,,,,,,,,,,,,,,,,,,,,,,,,"-2.12",,,,,,,,,,,,,,,,,,,,,,,,,,,,,,,,,,,,,,,,,,,,,,,,,,,"-2.0",,,,,,,,,,,,,,,,,,,,,,,,,,,,,,,,,,,
"APOS3",,,,,,,,,,,,,,,,,,,,,,,,,,,,,,,,,,,,,,,,,,,,,,,,,,,,,,,,,,,,,,,,,,,,,,,,,,,,,,,,,,,,,"-1.99",,,,,,,,,,,,,,,,,,,,,,,,,,,,,,,,,,,,,,,,,,,,,,,,,,,,,,,,,,,,,,,,,,,,,,,,,,,,,,"-2.0",,,,,,,,,,,,,,,,,,,,,,,,,,,,,,,,,,,
"APOS4",,,,,,,,,,,,,,,,,,,,,,,,,,,,,,,,,,,,,,,,,,,,,,,,,,,,,,,,,,,,,,,,,,,,,,,,,,,,,,,,,,,,,"-2.07",,,,,,,,,,,,,,,,,,,,,,,,,,,,,,,,,,,,,,,,,,,,,,,,,,,,,,,,,,,,,,,,,,,,,,,,,,,,,,"-2.11",,,,,,,,,,,,,,,,,,,,,"-1.84",,,,,,,,,,,,,,
"CAFO1",,,,,,,,,,,"1.8",,,,,,,,,,,,,,,,,,,,,,,,,,,,,,,,,,,,,,,,,,,,,,,,,,,,,,,,,,,,,,,,,,,,,,,,,,,,,,,,,,,,,,,,,,,,,,,,,,,,,,,,,,,,,,,,,,,,,,,,,,,,,,,,"-2.79",,,,,,,,,,,,,,,,,,,,,,,,,,,,,,,"-2.62",,,,,,,,,,,,,,,,,,,,,,,,,,,,
"CAFO2",,,,,,,,,,,"2.0",,,,,,,,,,,,,,,,,,,,,,,,,,,,,,,,,,,,,,,,,,,,,,,,,,,,,,,,,,,,,,,,,,,,,,,,,,,,,,,,,,,,,,,,,,,,,,,,,,,,,,,,,,,,,,,,,,,,,,,,,,,,,,,,"-3.08",,,,,,,,,,,,,,,,,,,,,,,,,,,,,,,"-2.9",,,,,,,,,,,,,,,,,,,,,,,,,,,,
"ALVI",,,,,,,,,,,,,,,,,,,,,,,,,,,,,,,,,,,,,,,,,,,,,,,,,,,,,,,,,,,,,,,,,"-2.25",,,,,,,,,,,,,,,,,,,,,,,,,,,,,,,,,,,,,,,,,,,,"1.8",,,,,,,,,,,,,,,,,,,,,,,,,,,,,,,,,,,,,,,,,,,,,,,,,,,,,,"-2.45",,,,,,,,,,,,,,,,,,,,,,,,,,,,,,,,,,,
"BOTE",,,,,,,,,,,,,,,,,,,,,,,,,,,,,,,,,,,,,"1.8",,,,,,,,,,,,,,,,,,,,,,,,,,,,,,,,,,,,,,,,,,,,,,,,,,,,,,,,,,,,,,,,,,,,,,,,,,,,,,,,,,,,,,,,,,,,,,,,,,,,,,,,,,,,,,,,,,,,,,,,,,,,,,,,,,,,,,,,,,,,,,,,,,,,,,,,,,,,,,,,,
"VIO",,"2.0",,,,,,,,,,,,,,,,,,,,,,,,,,,,,,,,,,,,,,,,,,,,,,,,,,,,,,,,,,,,,,,,,,,,,,,,,,,,,,,,,,,,,,,,,,,,,,,,,,,,,,,,,,,,,,,,,"-2.32",,,,,,,,,,,,,,,,,,,,,,,,,,,,,,,,,,,,,,,,,,,,,,,,,,,,,,,,,,,,,,,,,,,,,,,,,,,,,"2.0",,,,,,
"APOS2",,,,,,,,,,,,,,,,,,,,,,,,,,,,,,,,,,,,,,,,,,,,,,,,,,,,,,,,,,,,,,,,,,,,,,,,,,,,,,,,,,,,,"-1.94",,,,,,,,,,,,,,,,,,,,,,,,,,,,,,,,,,,,,,,,,,,,,,,,,,,,,,,,,,,,,,,,,,,,,,,,,,,,,,"-1.87",,,,,,,,,,,,,,,,,,,,,,,,,,,,,,,,,,,
"NOVO1",,,,,,,,,,,"2.0",,,,,,,,,,,,,,,,,,,,,,,,,,,,,,,,,,,,,,,,,,,,,,,,,,,,,,,,,,,,,,,,,,,,,,,,,,,,,,,"-2.94",,,,,,,,,,,,,,,,,,,,,,,,,,,,,,,,,,,,,,,,,,,,,,,,,,,,,,,,,,,,,,,,,,,,,,,,,,,,,,,,"-2.85",,,,,,,,,,,,,,,,,,,,,,,,,,,,
"APOS1",,,,,,,,,,,,,,,,,,,,,,,,,,,,,,,,,,,,,,,,,,,,,,,,,,,,,,,,,,,,,,,,,,,,,,,,,,,,,,,,,,,,,"-1.84",,,,,,,,,,,,,,,,,,,,,,,,,,,,,,,,,,,,,,,,,,,,,,,,,,,,,,,,,,,,,,,,,,,,,,,,,,,,,,"-2.06",,,,,,,,,,,,,,,,,,,,,,,,,,,,,,,,,,,
"OGNI2",,,,,,,,,,,,,,,,,,,,,,,,,,,,,,,,,,,,,,,,,,,,,,,,,,,,,,,,,,,,,,,,,,,,,,,,,,,,,,,,,,,,,,,,,,,,,,,,,,,,,,,,,,,,,,,,,,,,,,"-2.04",,,,,,,,,,,,,,,,,,,,,,,,,,,,,,,,,,,,,,,,,,,,,,,,,,,,,,,,,,,,,,,,,,,,,,,,,,,,,,,,
"OGNI1",,,,,,,,,,,,,,,,,,,,,,,,,,,,,,,,,,,,,,,,,,,,,,,,,,,,,,,,,,,,,,,,,,,,,,,,,,,,,,,,,,,,,,,,,,,,,,,,,,,,,,,,,,,,,,,,,,,,,,"-2.33",,,,,,,,,,,,,,,,,,,,,,,,,,,,,,,,,,,,,,,,,,,,,,,,,,,,,,,,,,,,,,,,,,,,,"1.8",,,,,,,,,,,
"VIN",,,,,,,,,,,,,,,,,,,,,,,,,,,,,,,,,,,,,,,,,,,,,,,,,,,,,,,,,,"-1.68",,,,,,,,,,,,,,,,,,,,,,,,,,,,,,,,,,,,,,,,,,,,,,,,,,,,,,,,,,,,,,,,,,,,,,,,,,,,,,,,,,,,,,,,,,,,,,,,,,,,,,,,,"-2.16",,,,,,,,,,,,,,,,,,,,"-2.3065",,,,,,,,,,,,,,,
"CREA2",,,,,,,,,,,"1.8",,,,,,,,,,,,,,,,,,,,,,,,,,,,,,,,,,,,,,,,,,,,,,,,,,,"-1.76",,,,,,,,,,,,,,,,,,,,,,,,,,,,,,,,,,,,,,,,,,,,,,,,,,,,,,,,,,,,,,,,,,,,,,,,,,,,,,,,,,,,,"1.8",,,,,,,,,,,,,,,,"-1.94",,,,,,,,,,,,,,,,,,,,,,,,,,,,,,,,,,,
"GIUS",,,,,,,,,,,,,,,,,,,,,,,,,,,,,,,,,,,,,,,,,,,,,,,,,,,,,,,,,,,,,,,,,,,,,,,,,,,,,,,,,,,,,,,,,,,,,,,,,,,,,,,,,,,,,,,,,,,,,,,,,,,,,,,,,,,,,,,,,,,,,,,,,,,,"2.0",,,,,,,,,,"-2.07",,,,,,,,,,,,,,,,,,,,,,,,,"-2.0335",,,,,,,,,,,,,,,
"CREA1",,,,,,,,,,,"1.8",,,,,,,,,,,,,,,,,,,,,,,,,,,,,,,,,,,,,,,,,,,,,,,,,,,"-1.24",,,,,,,,,,,,,,,,,,,,,,,,,,,,,,,,,,,,,,,,,,,,,,,,,,,,,,,,,,,,,,,,,,,,,,,,,,,,,,,,,,,,,"1.8",,,,,,,,,,,,,,,,"-1.73",,,,,,,,,,,,,,,,,,,,,,,,,,,,,,,,,,,
"LUCA2",,,,"-1.48",,"1.8",,,,,,,,,,,,,,,,,,,,,,,,,,,,,,,,,,,,,,,,,,,,,,,,,,,,,,,,,,,,,,,,,,,,,,,,,,,,,,,,,,,,,,,,,,,,,,,,,,,,,,,,,,,,,,,,,,,,,,,,,,,,,,,,,,,,,,,,,,,,,,,,,,,,,,,,,,,,,,,"-2.1",,,,,,,,,,,,,,,,,,,,,,,,,,,,,,,,,
"LUCA1",,,,"-1.75",,"1.8",,,,,,,,,,,,,,,,,,,,,,,,,,,,,,,,,,,,,,,,,,,,,,,,,,,,,,,,,,,,,,,,,,,,,,,,,,,,,,,,,,,,,,,,,,,,,,,,,,,,,,,,,,,,,,,,,,,,,,,,,,,,,,,,,,,,,,,,,,,,,,,,,,,,,,,,,,,,,,,"-2.18",,,,,,,,,,,,,,,,,,,,,,,,,,,,,,,,,
"CREA3",,,,,,,,,,,"1.8",,,,,,,,,,,,,,,,,,,,,,,,,,,,,,,,,,,,,,,,,,,,,,,,,,,"-1.7",,,,,,,,,,,,,,,,,,,,,,,,,,,,,,,,,,,,,,,,,,,,,,,,,,,,,,,,,,,,,,,,,,,,,,,,,,,,,,,,,,,,,"1.8",,,,,,,,,,,,,,,,"-1.74",,,,,,,,,,,,,,,,,,,,,,,,,,,,,,,,,,,
"NOVO3",,,,,,,,,,,"2.0",,,,,,,,,,,,,,,,,,,,,,,,,,,,,,,,,,,,,,,,,,,,,,,,,,,,,,,,,,,,,,,,,,,,,,,,,,,,,,,"-3.09",,,,,,,,,,,,,,,,,,,,,,,,,,,,,,,,,,,,,,,,,,,,,,,,,,,,,,,,,,,,,,,,,,,,,,,,,,,,,,,,"-3.34",,,,,,,,,,,,,,,,,,,,,,,,,,,,
"NOVO2",,,,,,,,,,,"2.0",,,,,,,,,,,,,,,,,,,,,,,,,,,,,,,,,,,,,,,,,,,,,,,,,,,,,,,,,,,,,,,,,,,,,,,,,,,,,,,"-3.1",,,,,,,,,,,,,,,,,,,,,,,,,,,,,,,,,,,,,,,,,,,,,,,,,,,,,,,,,,,,,,,,,,,,,,,,,,,,,,,,"-2.85",,,,,,,,,,,,,,,,,,,,,,,,,,,,
"TOMA",,,,,,,,,,,,,,,,,,,,,,,,,,,,,,,,,,,,,,,,"-1.06",,,,"1.8",,,,,,,,,,,,,,,,,,,,,,,,,,,,,,,,,,,,,,,,,,,,,,,,,,,,,,,,,,,,,,,,,,,,,,,,,,,,,,,,,,,,,,,,,,,,,,,,,,,,,,,,,,,,,,,,,,,,,,,"-1.79",,,,,,,,,,,,,,,,,,,,,,,,,,,,,,,,,,,
"LUCA3",,,,"-1.89",,"1.8",,,,,,"1.8",,,,,,,,,,,,,,,,,,,,,,,,,,,,,,,,,,,,,,"1.8",,,,,,,,,,,,,,,,,,,,,,,,,,,,,,,,,,,,,,,,,,,,,,,,,,,,,,,,,,,,,,,,,,,,,,,,,,,,,,,,,,,,,,,,,,,,,,,,,,,,,,,,,,,,,,,,,,,"-2.18",,,,,,,,,,,,,,,,,,,,,,,,,,,,,,,,,
"NOVO4",,,,,,,,,,,"1.8",,,,,,,,,,,,,,,,,,,,,,,,,,,,,,,,,,,,,,,,,,,,,,,,,,,,,,,,,,,,,,,,,,,,,,,,,,,,,,,"-3.26",,,,,,,,,,,,,,,,,,,,,,,,,,,,,,,,,,,,,,,,,,,,,,,,,,,,,,,,,,,,,,,,,,,,,,,,,,,,,,,,"-3.39",,,,,,,,,,,,,,,,,,,,,,,,,,,,
"FELI2",,,,,,,,,,,,,,,,,,,,,,,,,,,,,,,,,,,,,,,,,,,,,,,,,,,,,,,,,,,,,,,,,,,,,,,,,,,"-1.85",,,,,,,,,,,,,,,,,,,,,,,,,,,,,,,,,,,,,,,,,,,,,,,,,,,,,,,,,,,,,,,,,,,,,,,,,,,,,,,,,,,,,,,,,,,,,,,"-1.83",,,,,,,,,,,,,,,,,,,,,,,,,,,,
"FELI1",,,,,,,,,,,,,,,,,,,,,,,,,,,,,,,,,,,,,"1.8",,,,,,,,,,,,,,,,,,,,,,,,,,,,,,,,,,,,,,"-2.05",,,,,,,,,,,,,,,,,,,,,,,,,,,,,,,,,,,,,,,,,,,,,,,,,,,,,,,,,,,,,,,,,,,,,,,,,,,,,,,,,,,,,,,,,,,,,,,"-2.08",,,,,,,,,,,,,,,,,,,,,,,,,,,,
"GRAN8",,,,,,,,,,,,,,,,,,,,,,,,,,,,,,,,,,,,,,,,,,,,,,,,,,,,,,,,,,,,,,,,,,,,,,,,"-2.14",,,,,,,,,,,,,,,,,,,,,,,"-5.01",,,,,,,,,,,,,,,,,,,,,,,,,,,,,,,,,,,,,,,,,,,,,,,,,,,,,,,,,,,,,,,,,,,,,,,,,,,,,,,,,,,,,,,,,"-5.02",,,,,,,,,,,,,,
"PROV1",,,,,,,,,,,,,,,,,,,,,"-1.26",,,,,,,,,,,,,,,,,,,,,,,,,,,,,,,,,,,,,,,,,,,,,,,,,,,,,,,,,,,,,,,,,,,,,,,,,,,,,,,,,,,,,,,,,,,,,,,,,,,,,,,,,,,,,,,,,,,,,,,,,,,,,,,,,,,,,,,,,,,,,,,,,,,,,,,,,,,,,,,,,,"-1.7255",,,,,,,"1.8",,,,,,,,
"GRAN9",,,,,,,,,,,,,,,,,,,,,,,,,,,,,,,,,,,,,,,,,,,,,,,,,,,,,,,,,,,,,,,,,,,,,,,,"-2.85",,,,,,,,,,,,,,,,,,,,,,,"-4.79",,,,,,,,,,,,,,,,,,,,,,,,,,,,,,,,,,,,,,,,,,,,,,,,,,,,,,,,,,,,,,,,,,,,,,,,,,,,,,,,,,,,,,,,,"-4.24",,,,,,,,,,,,,,
"GUER",,,,,,,,,,,,,,,,,,,,,,,,,,,,,,,,,,,,,,,,,,,,,,,,,,,,,,,,,,,,,,,,,,,,,,,"-1.09",,,,,,,,,,,,,,,,,,,,,,,,,,,,,,,,,,,,,,,,,,,,,,,,,,,,,,,,,,,,,,,,,,,,,,,,,,,,,,,,,,,,,,,,,,,,,,,,,,,,,,,,,,,,,,,,,,,,,,,,,,,,,,,"1.8"
"PROV2",,,,,,,,,,,,,,,,,,,,,,,,,,,,,,,,,,,,,,,,,,,,,,,,,,,,,,,,,,,,,,,,,,,,,,,,,,,,,,,,,,,,,,,,,,,,,,,,,,,,,,,,,,,,,,,,,,,,,,,,,,,,,,,,,,,,,,,,,,,,,,,,,,,,,,,,,,,,,,,,,,,,,,,,,,,,,,,,,,,,,,,"-1.6885",,,,,,,"1.8",,,,,,,,
"GREC",,,,,,,,,,,,,,,,,,,,,"-2.25",,,,,,,,,,,,,,,,,,,,,,,,,,,,,,,,,,,,,,,,,,,,,,,,,,,,,,,,,,,,,,,,,,,,,,,,,,,,,,,,,,,,,,,,,,,,,,,,,,,,,,,,,,,,,,,,,,,,,,,,,,,,,,,,,,,,,,,,,,,,,,,,,,,,,,,,,,,,,,,,,,"-2.5865",,,,,,,"1.8",,,,,,,,
"GRAN3",,,,,,,,,,,,,,,,,,,,,,,,,,,,,,,,,,,,,,,,,,,,,,,,,,,,,,,,,,,,,,,,,,,,,,,,,,,,,,,,,,,,,,,,,,,,,,,,,"-4.48",,,,,,,,,,,,,,,,,,,,,,,,,,,,,,,,,,,,,,,,,,,,,,,,,,,,,,,,,,,,,,,,,,,,,,,,,"-3.43",,,,,,,,,,,,,,,,,,,,,,,,,,,,
"SCOA2",,,,,,,,,,,,,,,,,,,,,,,,,,,,,,,,,,,,,,,,,,,,,,,,,,,,,,,,,,,,,,,,,,,,,,,,,,,,,,,,,,,,,,,,,,,,,,,,,,,,,,,,,,,,,,,,,,,,,,,,,,,,,,,,,,,"-1.66",,,,,,,,,,,,,,,,,,,,,,,,,,,,,,,,,,"-1.52",,,,,,,,,,,,,,,,,,,,,,,,,,,,,,,,,
"GRAN2",,,,,,,,,,,,,,,,,,,,,,,,,,,,,,,,,,,,,,,,,,,,,,,,,,,,,,,,,,,,,,,,,,,,,,,,,,,,,,,,,,,,,,,,,,,,,,,,,"-4.49",,,,,,,,,,,,,,,,,,,,,,,,,,,,,,,,,,,,,,,,,,,,,,,,,,,,,,,,,,,,,,,,,,,,,,,,,"-2.65",,,,,,,,,,,,,,,,,,,,,,,,,,,,
"DUCA",,,,,,,,,,,,,,,,,,,,,,,,,,,,,,,,,,,,,"1.8",,,,,,,,,,,,,,,,,,,,,,,,,,,,,,,,,,,,,,,,,,,,,,,,,"-1.91",,,,,,,,,,,,,,,,,,,,,,,,,,,,,,,,,,,,,,,,,,,,,,,,,,,,,,,,,,"-1.9",,,,,,,,,,,,,,,,,,,,,,,,,,,,,,,,,,,,,,"-1.96",,,,,,,,,,,,,,,,
"CANN1",,,,,,,,,,,,,,,,,,,,,,,,,,,,,,,,,,,,,,,,,,,,,,,,,,,,,,,,,,,,,,,,,,,,,,,,,,,,,,,,,,,,,,,,,,"-4.67",,,,,,,,,,,,,,,,,,,,,,,,,,,,,,,,,,,,,,,,,,,,,,,,,,,,,,,,,,,,,,,,,,,,,,,,,,,,,,,,"-3.23",,,,,,,,,,,,,,,,,,,,,,,,,,,,
"MEND",,,,,,,,,,,,,,,,,,,,,,,,,,,,,,,,,,,,,"-1.85","-1.71",,,,,,,,,,,,,,,,,,,,,,,,,,,,,,,,,,,,,,,,,,,,,,,,"-2.49",,,,,,,,,,,,,,,,,,,,,,,,,,,,,,,,,,,,,,,,,,,,,,,,,,,,,,,,,,,,,,,,,,,,,,,,,,,,,"-2.56",,,,,,,,,,,,,,,,,,,,,,,,,,,,,,,,,,,
"GRAN1",,,,,,,,,,,,,,,,,,,,,,,,,,,,,,,,,,,,,,,,,,,,,,,,,,,,,,,,,,,,,,,,,,,,,,,,,,,,,,,,,,,,,,,,,,,,,,,,,"-4.07",,,,,,,,,,,,,,,,,,,,,,,,,,,,,,,,,,,,,,,,,,,,,,,,,,,,,,,,,,,,,,,,,,,,,,,,,,,,,,,,,,,,,,,,,,,,,,,,,,,,,
"LORE2",,,,,,,,,,,,,,,,,,,,,"-2.08",,,,,,,,,,,,,,,,,,,,,,,,,,,,,,,,,,,,,,,,,,,,,,,,,,,,,,,,,,,,,,,,,,,,,,,,,,,,,,,,,,,,,,,,,,,,,,,,,,,,,,,,,,,,,,,,,,,,,,,,,,,,,,,,,,,,,,,,,,,,,,,,,,,,,,,,,,,,,,,,,,"-2.2375",,,,,,,"1.8",,,,,,,,
"GRAN7",,,,,,,,,,,,,,,,,,,,,,,,,,,,,,,,,,,,,,,,,,,,,,,,,,,,,,,,,,,,,,,,,,,,,,,,"-1.99",,,,,,,,,,,,,,,,,,,,,,,"-4.21",,"-4.23",,,,,,,,,,,,,,,,,,,,,,,,,,,,,,,,,,,,,,,,,,,,,,,,,,,,,,,,,,,,,,,,,,,,,,,,,"-3.97",,,,,,,,,,,,,,"-4.37",,,,,,,,,,,,,,
"CANN3",,,,,,,,,,,,,,,,,,,,,,,,,,,,,,,,,,,,,,,,,,,,,,,,,,,,,,,,,,,,,,,,,,,,,,,,,,,,,,,,,,,,,,,,,,"-3.24",,,,,,,,,,,,,,,,,,,,,,,,,,,,,,,,,,,,,,,,,,,,,,,,,,,,,,,,,,,,,,,,,,,,,,,,,,,,,,,,"-3.15",,,,,,,,,,,,,,,,,,,,,,,,,,,,
"GRAN6",,,,,,,,,,,,,,,,,,,,,,,,,,,,,,,,,,,,,,,,,,,,,,,,,,,,,,,,,,,,,,,,,,,,,,,,,,,,,,,,,,,,,,,,,,,,,,,,,"-4.88",,,,,,,,,,,,,,,,,,,,,,,,,,,,,,,,,,,,,,,,,,,,,,,,,,,,,,,,,,,,,,,,,,,,,,,,,"-4.05",,,,,,,,,,,,,,"-4.62",,,,,,,,,,,,,,
"CANN2",,,,,,,,,,,,,,,,,,,,,,,,,,,,,,,,,,,,,,,,,,,,,,,,,,,,,,,,,,,,,,,,,,,,,,,,,,,,,,,,,,,,,,,,,,"-3.69",,,,,,,,,,,,,,,,,,,,,,,,,,,,,,,,,,,,,,,,,,,,,,,,,,,,,,,,,,,,,,,,,,,,,,,,,,,,,,,,"-3.2",,,,,,,,,,,,,,,,,,,,,,,,,,,,
"LORE1",,,,,,,,,,,,,,,,,,,,,"-2.02",,,,,,,,,,,,,,,,,,,,,,,,,,,,,,,,,,,,,,,,,,,,,,,,,,,,,,,,,,,,,,,,,,,,,,,,,,,,,,,,,,,,,,,,,,,,,,,,,,,,,,,,,,,,,,,,,,,,,,,,,,,,,,,,,,,,,,,,,,,,,,,,,,,,,,,,,,,,,,,,,,"-2.2795",,,,,,,"2.0",,,,,,,,
"GRAN5",,,,,,,,,,,,,,,,,,,,,,,,,,,,,,,,,,,,,,,,,,,,,,,,,,,,,,,,,,,,,,,,,,,,,,,,,,,,,,,,,,,,,,,,,,,,,,,,,"-4.5",,,,,,,,,,,,,,,,,,,,,,,,,,,,,,,,,,,,,,,,,,,,,,,,,,,,,,,,,,,,,,,,,,,,,,,,,,,,,,,,,,,,,,,"-4.16",,,,,,,,,,,,,,
"GIAR1",,,,,,,,,,,,,,,,,,,,,,,,,,,,,,,,,,,,,,,,,,,,,,,,,,,,,,,,,,,,,,,,,,,,,,,,,,,,,,,,"-2.51",,,,,,,,,,,,,,,,,,,,,,,,,,,,,,,,,,,,,,,,,,,,,,,,,,,,,,,,,,,,,,,,,,,,,,,,,,,,,,,,,,,,,,,,,,"-2.23",,,,,,,,,,,,,"-2.5215",,,,,,,,,,,,,,,
"GIAR2",,,,,,,,,,,,,,,,,,,,,,,,,,,,,,,,,,,,,,,,,,,,,,,,,,,,,,,,,,,,,,,,,,,,,,,,,,,,,,,,"-2.26",,,,,,,,,,,,,,,,,,,,,,,,,,,,,,,,,,,,,,,,,,,,,,,,,,,,,,,,,,,,,,,,,,,,,,,,,,,,,,,,,,,,,,,,,,"-2.15",,,,,,,,,,,,,"-2.0725",,,,,,,,,,,,,,,
"CANN4",,,,,,,,,,,,,,,,,,,,,,,,,,,,,,,,,,,,,,,,,,,,,,,,,,,,,,,,,,,,,,,,,,,,,,,,,,,,,,,,,,,,,,,,,,"-3.42",,,,,,,,,,,,,,,,,,,,,,,,,,,,,,,,,,,,,,,,,,,,,,,,,,,,,,,,,,,,,,,,,,,,,,,,,,,,,,,,"-3.22",,,,,,,,,,,,,,"-3.74",,,,,,,,,,,,,,
"GRAN4",,,,,,,,,,,,,,,,,,,,,,,,,,,,,,,,,,,,,,,,,,,,,,,,,,,,,,,,,,,,,,,,,,,,,,,,,,,,,,,,,,,,,,,,,,,,,,,,,"-4.74",,,,,,,,,,,,,,,,,,,,,,,,,,,,,,,,,,,,,,,,,,,,,,,,,,,,,,,,,,,,,,,,,,,,,,,,,,,,,,,,,,,,,,,"-3.0",,,,,,,,,,,,,,
"MALP4",,,,,,,,,,,,,,,,,,,,,,,,,,,,,,,,,,,,,,,,,,,,,,,,,,,,,,,,,,,,,,,,,,,,,,,,,,,,,,,,,,,,,,,,,,,"-1.98",,,,,,,,,,,,,,,,,,,,,,,,,,,,,,,,,,,,,,,,,,,,,,,,,,,,,,,,,"-1.8",,,,,,,,,,,,,,,,,,,,,"1.8",,,,,,,,,,,,,,,,,,,,,,,,,,,,,
"ANDR2",,,,,,,,,,,,,,,,,,,,,,,,,,,,,,,,,,,,,"1.8",,,,,,,,,,,,,,,,,,,,,,,,,,,,,,,,,,,,,,,,,,,,,,,,,,,,,,,,,,,,,,,,,,,,,,,,,,,,,,,,,,,,,,,,,,,,,,,,,,,,,,,,,,,,,,,,,,,,,,,,,,,,,,"-1.85",,,,,,,,,,,,,,,,,,,,,,,,,,,,,,,,,,,"1.8"
"ANDR1",,,,,,,,,,,,,,,,,,,,,,,,,,,,,,,,,,,,,"1.8",,,,,,,,,,,,,,,,,,,,,,,,,,,,,,,,,,,,,,,,,,,,,,,,,,,,,,,,,,,,,,,,,,,,,,,,,,,,,,,,,,,,,,,,,,,,,,,,,,,,,,,,,,,,,,,,,,,,,,,,,,,,,,"-1.93",,,,,,,,,,,,,,,,,,,,,,,,,,,,,,,,,,,"1.8"
"MALP2",,,,,,,,,,,,,,,,,,,,,,,,,,,,,,,,,,,,,,,,,,,,,,,,,,,,,,,,,,,,,,,,,,,,,,,,,,,,,,,,,,,,,,,,,,,"-1.46",,,,,,,,,,,,,,,,,,,,,,,,,,,,,,,,,,,,,,,,,,,,,,,,,,,,,,,,,"-1.8",,,,,,,,,,,,,"-1.8",,,,,,,,"1.8",,,,,,,,,,,,,,,,,,,,,,,,,,,,,
"PONT01",,,,,,,,,,,,,,,,,,,,,,,,,,,,,,,,,"1.8",,,,,,,,,"1.8",,,,,,,,,,,,,,,,,,,,,,,,,,,,,,,,,,,,,,,,,,,,,,,,,,,,,,,,,,,,,,,,,,,,,,,,,,,,,,,,,,,,,,,,,,,,,,,,,,,,,,,,,,,,,,,,,,,,,,"1.8",,,,,,,,,,,,,,,,,,,,,,,,,,,,,,,,,,,,,,
"MALP3",,,,,,,,,,,,,,,,,,,,,,,,,,,,,,,,,,,,,,,,,,,,,,,,,,,,,,,,,,,,,,,,,,,,,,,,,,,,,,,,,,,,,,,,,,,"-1.79",,,,,,,,,,,,,,,,,,,,,,,,,,,,,,,,,,,,,,,,,,,,,,,,,,,,,,,,,"-1.8",,,,,,,,,,,,,"-1.8",,,,,,,,"1.8",,,,,,,,,,,,,,,,,,,,,,,,,,,,,
"CONV",,,,,,,,,,,,,,,,,,,,,,,,,,,,,,,,,,,,,,,,,,,,,,,,,,,,,,,,,,,,,"-1.68",,,,,,,,,,,,,,,,,,,,,,,,,,,,,,,,,,,,,,,,,,,,,,,,,,,,,,,,,,,,,,,,,,,,,,,,,,,,,,,"1.8",,,,,,,,,,,,,,,,,,,,,,,,,,,,,,,,,,,,,,,,,,"-2.17",,,,,,,,,,,"1.8",,,,,
"MALP1",,,,,,,,,,,,,,,,,,,,,,,,,,,,,,,,,,,,,,,,,,,,,,,,,,,,,,,,,,,,,,,,,,,,,,,,,,,,,,,,,,,,,,,,,,,"-2.15",,,,,,,,,,,,,,,,,,,,,,,,,,,,,,,,,,,,,,,,,,,,,,,,,,,,,,,,,"-1.8",,,,,,,,,,,,,,,,,,,,,"1.8",,,,,,,,,,,,,,,,,,,,,,,,,,,,,
"MARI2",,,,,,,,,,,,,,,,,,,,,,,,,,,,,,,,,,,,,,"-1.38",,,,,,,,,,,,,,,,,,,,,,,,,"1.8",,,,,,,,,,,,,,,,"1.8",,,,,,,,,,,,,,,,,,,,,,,,,,,,,,,,,,,,,,,,,,,,,,,,,,,,,,,,,,,,,,,,,,,,,,,,,,,,,,,,,,,,"-1.89",,,,,,,,,,,,,,,,,,,,"-1.8965",,,,,,,,,,,,,,,
"MARI1",,,,,,,,,,,,,,,,,,,,,,,,,,,,,,,,,,,,"1.8",,"-1.48",,,,,,"1.8",,,,,,,,,,,,,,,,,,,"1.8",,,,,,,,,,,,,,,,,,,,,,,,,,,,,,,,,,,,,,,,,,,,,,,,,,,,,,,,,,,,,,,,,,,,,,,,,,,,,,,,,,,,,,,,,,,,,,,,,,,,"-1.95",,,,,,,,,,,,,,,,,,,,"-2.0545",,,,,,,,,,,,,,,
"ANA1",,,,,,,,,,,,,,,,,,,,,,,,,,,,,,,,,,,,,,,,,,,,,,,,,,,,,,,,,,,,,,,,,,,,,,,,,,,,,,,,,,,,,,,,,,,,,,,,,,,,,,,,,,,,,,,,,,,,,,,,,,,,,,,,,,,"-1.68",,,,,,,,,,,,,,,,,,,,,,,,,,,,,,,,"-1.99",,,,,,,,,,"-1.66",,,,,,,,,,"-1.8845",,,,,,,,,,,,,,,
"CMIS2",,,,,,,,,,,,,,,,,,,,,,,,,,,,,,,,,,,,,,,,,,,,,,,,,,,,,,,,,,,,,,,,,,,,,,,,,,,,,,,,,,,,,,,,,,"-2.28",,,,,,,,,,,,,,,,,,,,,,,,,,,,,,,,,,,,,,,,,,,,,,,,,,,,,,,,,,,,,,,,,,,,,,,,,,,,,,,,,,,,,,,,,,,,,,,,,,,,,,,,,,,,
"CMIS3",,,,,,,,,,,,,,,,,,,,,,,,,,,,,,,,,,,,,,,,,,,,,,,,,,,,,,,,,,,,,,,,,,,,,,,,,,,,,,,,,,,,,,,,,,"-2.56",,,,,,,,,,,,,,,,,,,,,,,,,,,,,,,,,,,,,,,,,,,,,,,,,,,,,,,,,,,,,,,,,,,,,,,,,,,,,,,,,,,,,,,,,,,,,,,,,,,,,,,,,,,,
"ANA3",,,,,,,,,,,,,,,,,,,,,,,,,,,,,,,,,,,,,,,,,,,,,,,,,,,,,,,,,,,,,,,,,,,,,,,,,,,,,,,,,,,,,,,,,,,,,,,,,,,,,,,,,,,,,,,,,,,,,,,,,,,,,,,,,,,"-2.04",,,,,,,,,,,,,,,,,,,,,,,,,,,,,,,,"-2.12",,,,,,,,,,,,,,,,,,,,"-1.9115",,,,,,,,,,,,,,,
"ANA2",,,,,,,,,,,,,,,,,,,,,,,,,,,,,,,,,,,,,,,,,,,,,,,,,,,,,,,,,,,,,,,,,,,,,,,,,,,,,,,,,,,,,,,,,,,,,,,,,,,,,,,,,,,,,,,,,,,,,,,,,,,,,,,,,,,"-1.92",,,,,,,,,,,,,,,,,,,,,,,,,,,,,,,,"-1.8",,,,,,,,,,,,,,,,,,,,"-1.9525",,,,,,,,,,,,,,,
"TERE1",,,,,,,,,,,,,,,,,,,,,,,,,,,,,,,,,,,,,,,,,,,,,,,,,,,,,,,,,,,,,,,,,,,,,,,,,,,,"-1.72",,,,,,,,,,,,,,,,,,,,,,,,,,,,,,,,,,,,,,,,,,,,,,,,,,,,,,,,,,,,,,,,,,,,,,,,,,,,,,,,,,,,,,,,,,,,"-2.28",,,,,,,,,,"1.8",,,,,,,,,,,,,,,,,,,,
"MARI4",,,,,,,,,,,,,,,,,,,,,,,,,,,,,,,,,,,,,,"-1.69",,,,,,,,,,,,,,,,,,,,,,,,,"1.8",,,,,,,,,,,,,,,,,,,,,,,,,,,,,,,,,,,,,,"1.8",,"-1.3",,,,,,,,,,,,,,,,,,,,,,,,,,,,,,,,,,,,,"1.8",,,,,,,,,,,,,,,,,,,,,,,,,,,,,,,,,,,,,,,,,,,"-2.4195",,,,,,,,,,,,,,,
"MARI3",,,,,,,,,,,,,,,,,,,,,,,,,,,,,,,,,,,,,,"-1.91",,,,,,"1.8",,,,,,,,,,,,,,,,,,,"1.8",,,,,,,,,,,,,,,,"1.8",,,,,,,,,,,,,,,,,,,,,,,,,,,,,,,,,,,,,,,,,,,,,,,,,,,,,,,,,,,,,,,,,,,,,,,,,,,,,,,,,,,,"-1.92",,,,,,,,,,,,,,,,,,,,"-2.2525",,,,,,,,,,,,,,,
"SCOA1",,,,,,,,,,,,,,,,,,,,,,,,,,,,,,,,,,,,,,,,,,,,,,,,,,,,,,,,,,,,,,,,,,,,,,,,,,,,,,,,,,,,,,,,,,,,,,,,,,,,,,,,,,,,,,,,,,,,,,,,,,,,,,,,,,,"-1.93",,,,,,,,,,,,,,,,,,,,,,,,,,,,,,,,,,"-1.65",,,,,,,,,,,,,,,,,,,,,,,,,,,,,,,,,
"TERE2",,,,,,,,,,,,,,,,,,,,,,,,,,,,,,,,,,,,,,,,,,,,,,,,,,,,,,,,,,,,,,,,,,,,,,,,,,,,"-1.81",,,,,,,,,,,,,,,,,,,,,,,,,,,,,,,,,,,,,,,,,,,,,,,,,,,,,,,,,,,,,,,,,,,,,,,,,,,,,,,,,,,,,,"-1.8",,,,,,,,,,,,,,,,"1.8",,,,,,,"1.8",,,,,,,,,,,,,
